Ticker,Movement,Confidence,Rank
BA,,,
CAT,,,
DD,,,
DIS,,,
GE,,,
HPQ,,,
HWM,,,
IBM,,,
KO,,,
AEP,,,
CNP,,,
CVX,,,
DTE,,,
ED,,,
GT,,,
HON,,,
IP,,,
JNJ,,,
MCD,,,
MMM,,,
MO,,,
MRK,,,
PG,,,
RTX,,,
XOM,,,
AXP,,,
BMY,,,
DE,,,
EMR,,,
ETN,,,
ETR,,,
F,,,
HAL,,,
HTO,,,
LLY,,,
PBI,,,
PCG,,,
PEP,,,
PFE,,,
TXN,,,
UIS,,,
WFC,,,
WMT,,,
ALCO,,,
ALE,,,
APOG,,,
AVT,,,
AXR,,,
BF-A,,,
BK,,,
BRT,,,
CHE,,,
DCO,,,
FRT,,,
GFF,,,
GTY,,,
MATX,,,
NYT,,,
PHI,,,
PNR,,,
SVT,,,
TPC,,,
WY,,,
SYY,,,
SONY,,,
TM,,,
BP,,,
C,,,
CL,,,
GD,,,
KR,,,
LMT,,,
MSI,,,
XRX,,,
NC,,,
FDX,,,
APA,,,
EIX,,,
EXC,,,
LUV,,,
LXU,,,
PEG,,,
R,,,
UNP,,,
BIO,,,
BRK-A,,,
HMC,,,
INTC,,,
PW,,,
ROG,,,
SEB,,,
SIF,,,
SIEB,,,
BTI,,,
MUX,,,
ABEO,,,
HP,,,
CSX,,,
CBT,,,
PSA,,,
NKE,,,
AAPL,,,
HD,,,
BAX,,,
BC,,,
COP,,,
GLW,,,
HUM,,,
IFF,,,
LHX,,,
MDT,,,
NOC,,,
OXY,,,
ROK,,,
SKY,,,
SLB,,,
SO,,,
WMB,,,
LPX,,,
MAT,,,
NVO,,,
THC,,,
VLO,,,
FSS,,,
CI,,,
SSL,,,
NSC,,,
BCE,,,
ALK,,,
AMD,,,
CLX,,,
ADM,,,
ABT,,,
ADP,,,
AFG,,,
APD,,,
ASH,,,
BDX,,,
DUK,,,
GPC,,,
HES,,,
HST,,,
MUR,,,
NEM,,,
NL,,,
PPG,,,
RVTY,,,
TGT,,,
GIS,,,
MAS,,,
NEE,,,
WHR,,,
SF,,,
FEIM,,,
NUE,,,
CASY,,,
VZ,,,
RRX,,,
ATO,,,
AVY,,,
BN,,,
COO,,,
CP,,,
JPM,,,
AIRT,,,
MAGN,,,
WSO,,,
ABM,,,
ADI,,,
AFL,,,
AIR,,,
ALX,,,
AME,,,
AP,,,
ARW,,,
NWL,,,
PNW,,,
T,,,
TXNM,,,
ES,,,
AAME,,,
ACU,,,
AEM,,,
AIG,,,
AIT,,,
AJG,,,
ALOT,,,
AMAT,,,
AMGN,,,
AMS,,,
AON,,,
AOS,,,
ARL,,,
AROW,,,
ARTW,,,
ASB,,,
ASYS,,,
ATRO,,,
AZZ,,,
BALL,,,
BDL,,,
BELFA,,,
BEN,,,
BF-B,,,
BKH,,,
BMI,,,
BOH,,,
BRC,,,
BRID,,,
BRN,,,
BSET,,,
CACI,,,
CAG,,,
CAL,,,
CB,,,
CBRL,,,
CBSH,,,
DOMH,,,
MTRN,,,
PRG,,,
SWKS,,,
TAP,,,
WRB,,,
D,,,
LNC,,,
NI,,,
TXT,,,
WEC,,,
CXT,,,
WGO,,,
CVS,,,
GWW,,,
K,,,
KMB,,,
CCK,,,
CMI,,,
HAS,,,
WWW,,,
CMS,,,
B,,,
HL,,,
JCI,,,
PPL,,,
BBY,,,
SON,,,
ADSK,,,
AEG,,,
BBWI,,,
CPB,,,
DOV,,,
FMC,,,
GCO,,,
HSY,,,
LOW,,,
OKE,,,
PH,,,
PHM,,,
SHW,,,
SNA,,,
SPXC,,,
SWK,,,
TGNA,,,
TKR,,,
TT,,,
VFC,,,
CNA,,,
NVR,,,
NEU,,,
XEL,,,
CADE,,,
PCH,,,
CBU,,,
ARKR,,,
WTS,,,
CHD,,,
ORCL,,,
RNTX,,,
MSFT,,,
EFX,,,
GHI,,,
WTM,,,
BAC,,,
BCPC,,,
VHI,,,
ASTE,,,
COST,,,
GGG,,,
GSK,,,
PCAR,,,
PGR,,,
ROST,,,
STT,,,
TRV,,,
TSN,,,
IMO,,,
AMWD,,,
BDN,,,
CLFD,,,
ADBE,,,
BCS,,,
IDA,,,
UNM,,,
COHU,,,
HRB,,,
CCEP,,,
WBS,,,
WDC,,,
NHC,,,
TER,,,
CATO,,,
FUN,,,
BHP,,,
TEF,,,
DCI,,,
MBI,,,
L,,,
PVH,,,
DLX,,,
GAP,,,
SCI,,,
IEP,,,
NBN,,,
HRTX,,,
NFG,,,
TMO,,,
MYE,,,
PII,,,
EBF,,,
AIN,,,
SJT,,,
BXMT,,,
CLF,,,
CMC,,,
CRS,,,
CSL,,,
CTS,,,
CW,,,
DHR,,,
DOC,,,
EQT,,,
FLO,,,
GATX,,,
HE,,,
HOG,,,
HXL,,,
IPG,,,
ITW,,,
JEF,,,
KBH,,,
KEY,,,
KMT,,,
LEE,,,
LEG,,,
LEN,,,
LUMN,,,
MDU,,,
NVRI,,,
REX,,,
SR,,,
TCI,,,
UHT,,,
USB,,,
AVA,,,
GL,,,
IHT,,,
MMC,,,
MSB,,,
MTR,,,
NJR,,,
NPK,,,
NRT,,,
NX,,,
OGE,,,
OLN,,,
OXM,,,
PBT,,,
PHG,,,
PKE,,,
PPC,,,
RES,,,
RJF,,,
RLI,,,
ROL,,,
SBR,,,
SEE,,,
SHEL,,,
SMP,,,
SWX,,,
SXI,,,
TDW,,,
THO,,,
TOL,,,
TR,,,
TRN,,,
TRP,,,
TTC,,,
TYL,,,
WTRG,,,
CAH,,,
TPL,,,
TWIN,,,
UL,,,
VSH,,,
ECL,,,
LNT,,,
LZB,,,
SAN,,,
SLM,,,
SXT,,,
TJX,,,
UGI,,,
UNF,,,
UVV,,,
VMC,,,
VNO,,,
WMK,,,
WST,,,
MOS,,,
SYK,,,
TFX,,,
AB,,,
AVD,,,
CMCSA,,,
PNC,,,
CMT,,,
MAN,,,
CIA,,,
BBVA,,,
MTH,,,
OMI,,,
PAR,,,
VOD,,,
BOOM,,,
CCL,,,
XOMA,,,
LCII,,,
MU,,,
DDS,,,
DX,,,
IEX,,,
SCHW,,,
EAT,,,
HURC,,,
TROW,,,
ERIC,,,
EOG,,,
CGNX,,,
HRL,,,
MKL,,,
CAR,,,
CRD-B,,,
J,,,
MGM,,,
SNV,,,
TG,,,
GHC,,,
CTRA,,,
UDR,,,
MEI,,,
VLY,,,
AGYS,,,
AWR,,,
BANF,,,
BPOP,,,
BRSL,,,
CDNS,,,
CDZI,,,
CFR,,,
CINF,,,
CLDX,,,
CLH,,,
CMA,,,
CNMD,,,
COHR,,,
COKE,,,
CPF,,,
CPK,,,
CRK,,,
CRUS,,,
CSCO,,,
CTAS,,,
CULP,,,
CUZ,,,
CWT,,,
DAIO,,,
DGICB,,,
DGII,,,
DSGR,,,
DWSN,,,
EA,,,
EXPD,,,
FARM,,,
FAST,,,
FELE,,,
FFBC,,,
FHN,,,
FI,,,
FITB,,,
FLS,,,
FRPH,,,
FSTR,,,
FUL,,,
FULT,,,
GEN,,,
GIII,,,
GNTX,,,
GSBC,,,
HBAN,,,
HCSG,,,
HELE,,,
HNI,,,
HOLX,,,
HTLD,,,
IDCC,,,
IMKTA,,,
JBHT,,,
JJSF,,,
JKHY,,,
JOUT,,,
KELYA,,,
KLAC,,,
KLIC,,,
KTCC,,,
KWR,,,
LAKE,,,
LNN,,,
LRCX,,,
LSCC,,,
LYTS,,,
MCY,,,
MERC,,,
MGA,,,
MGEE,,,
MGPI,,,
MGRC,,,
MKC,,,
MLKN,,,
MOD,,,
MSA,,,
MSEX,,,
MTW,,,
MTZ,,,
MZTI,,,
NDSN,,,
NNN,,,
NSSC,,,
NTRS,,,
NWN,,,
ODC,,,
ODP,,,
OII,,,
OMC,,,
ONB,,,
ORI,,,
OSK,,,
OTTR,,,
PAMT,,,
PAYX,,,
PKOH,,,
PLAB,,,
PLXS,,,
POWL,,,
PTC,,,
RELL,,,
RF,,,
RGEN,,,
RGLD,,,
RGR,,,
RPM,,,
SBCF,,,
SEIC,,,
SENEB,,,
SHYF,,,
SIGI,,,
SKYW,,,
SSP,,,
STKL,,,
SUNE,,,
TEVA,,,
TEX,,,
TFC,,,
TILE,,,
TRST,,,
UBSI,,,
UFCS,,,
UFI,,,
UHS,,,
UNAMQ,,,
UNH,,,
USEG,,,
USLM,,,
VMI,,,
VOLT,,,
WAFD,,,
WDFC,,,
WERN,,,
WEYS,,,
WLY,,,
WOR,,,
WPP,,,
WSFS,,,
WSM,,,
ZION,,,
ASRV,,,
AXGN,,,
CSPI,,,
CSWC,,,
ENB,,,
EVI,,,
INDB,,,
ITIC,,,
PATK,,,
TRNS,,,
UMBF,,,
VLGEA,,,
OFG,,,
STC,,,
TMP,,,
LH,,,
MCS,,,
ELSE,,,
TTI,,,
CDE,,,
VGZ,,,
BKTI,,,
BHE,,,
RIO,,,
WKC,,,
EXPO,,,
DY,,,
ESE,,,
DDD,,,
CATY,,,
AVNW,,,
MLI,,,
NBR,,,
DORM,,,
AZO,,,
REGN,,,
XRAY,,,
GFI,,,
PRK,,,
HAE,,,
IONS,,,
LCUT,,,
IDXX,,,
AES,,,
ATGE,,,
CRVL,,,
DIN,,,
ALKS,,,
VRTX,,,
MNRO,,,
PRGS,,,
MTG,,,
ZBRA,,,
IPAR,,,
KEX,,,
EZPW,,,
MGIC,,,
PRA,,,
BOKF,,,
FIZZ,,,
BIIB,,,
KMPR,,,
TDS,,,
NPKI,,,
WM,,,
MTB,,,
NHI,,,
CVM,,,
ODFL,,,
RHP,,,
TTE,,,
ALTS,,,
APH,,,
WNC,,,
ATNI,,,
HMN,,,
KIM,,,
VICR,,,
WRLD,,,
ACNT,,,
JBSS,,,
OI,,,
AMSC,,,
QCOM,,,
PRGO,,,
TTEK,,,
CDP,,,
GILD,,,
GBCI,,,
SMG,,,
M,,,
ROP,,,
CMTL,,,
MOG-A,,,
ALNT,,,
BH,,,
DJCO,,,
DXLG,,,
ESCA,,,
FBP,,,
FCNCA,,,
FICO,,,
FLXS,,,
FRME,,,
FUND,,,
GVA,,,
HIFS,,,
HVT,,,
HVT-A,,,
KEQU,,,
KOSS,,,
SCHL,,,
MAYS,,,
MMSI,,,
MRTN,,,
MTRX,,,
ONTO,,,
SNPS,,,
CRT,,,
CVR,,,
MODG,,,
STAA,,,
AN,,,
BRO,,,
NEON,,,
QDEL,,,
THFF,,,
TNC,,,
TRMB,,,
TRMK,,,
JACK,,,
LCTX,,,
JOE,,,
RHI,,,
AD,,,
CVBF,,,
DINO,,,
DIOD,,,
DVN,,,
DXR,,,
EGP,,,
ELME,,,
EML,,,
ESP,,,
FRD,,,
GHM,,,
GRC,,,
HEI,,,
HOV,,,
IIIN,,,
IOR,,,
JOB,,,
LGL,,,
MIDD,,,
NBTB,,,
OLP,,,
OSUR,,,
RDI,,,
SCL,,,
SGC,,,
SMTC,,,
STZ,,,
TISI,,,
TRC,,,
UG,,,
USAU,,,
UTL,,,
VAL,,,
VIRC,,,
WABC,,,
WEN,,,
WSO-B,,,
CRD-A,,,
ELA,,,
MBOT,,,
ICUI,,,
MHK,,,
ASUR,,,
KOPN,,,
AGCO,,,
STBA,,,
LNW,,,
OFIX,,,
RNST,,,
BKE,,,
ARCB,,,
BSX,,,
KSS,,,
MEOH,,,
BLFS,,,
USPH,,,
STE,,,
FC,,,
CACC,,,
DHI,,,
FCF,,,
COLB,,,
DDC,,,
SBUX,,,
OHI,,,
FCFS,,,
LTC,,,
CTO,,,
FUNC,,,
EQS,,,
CAKE,,,
ASGN,,,
LFUS,,,
BLX,,,
CECO,,,
ERNA,,,
MTX,,,
RDN,,,
SFNC,,,
KAI,,,
LGND,,,
FBNC,,,
TECH,,,
GPK,,,
AAON,,,
SM,,,
ULBI,,,
RRC,,,
IAC,,,
EGY,,,
RCKY,,,
PEBO,,,
AORT,,,
UEIC,,,
CHCO,,,
CRH,,,
CVU,,,
CPSS,,,
MS,,,
ELS,,,
NATH,,,
EDUC,,,
FNB,,,
STRS,,,
WT,,,
LSTR,,,
TATT,,,
ETD,,,
SCVL,,,
GTN-A,,,
LDWY,,,
ALG,,,
MCHP,,,
INTU,,,
SNT,,,
GBR,,,
GILT,,,
SYBT,,,
CHDN,,,
AMRN,,,
FOSL,,,
TCBK,,,
ATR,,,
ORLY,,,
RCL,,,
JBL,,,
ANIK,,,
NTZ,,,
AZN,,,
CTBI,,,
TWI,,,
GABC,,,
AKR,,,
HR,,,
RIG,,,
SKT,,,
ALL,,,
PZZA,,,
THRM,,,
BBSI,,,
SANM,,,
NSYS,,,
YPF,,,
CENT,,,
CPT,,,
MCRI,,,
INOD,,,
EQR,,,
BWA,,,
OPY,,,
FLL,,,
BFS,,,
WINA,,,
RAVE,,,
FTEK,,,
NTIC,,,
KOF,,,
CASH,,,
SQM,,,
TLF,,,
MOV,,,
IT,,,
QCRH,,,
SGA,,,
MAR,,,
DECK,,,
BYD,,,
LXP,,,
NRIM,,,
RVSB,,,
FONR,,,
HWKN,,,
NAII,,,
REG,,,
FFIN,,,
PTEN,,,
MHO,,,
HHS,,,
INCY,,,
ITRI,,,
ROCK,,,
CRMT,,,
RMCF,,,
URBN,,,
CNTY,,,
UFPI,,,
AEC,,,
FWRD,,,
FLG,,,
BBAR,,,
BDC,,,
SU,,,
UMH,,,
SUI,,,
SHOO,,,
EMN,,,
SPG,,,
TV,,,
UFPT,,,
REFR,,,
MED,,,
NOK,,,
ITI,,,
HAIN,,,
MAA,,,
RGCO,,,
DAKT,,,
NEOG,,,
MLM,,,
RYN,,,
SILC,,,
TSCO,,,
ALB,,,
BZH,,,
ACHC,,,
BCRX,,,
MAC,,,
ZEUS,,,
AVB,,,
NNBR,,,
CPRT,,,
FLEX,,,
SCSC,,,
MPAA,,,
LARK,,,
LNG,,,
EXP,,,
SMBC,,,
AEO,,,
ADC,,,
NKTR,,,
ABCB,,,
SYPR,,,
PENN,,,
SSD,,,
TGB,,,
ESS,,,
HIW,,,
IMAX,,,
FR,,,
AKO-A,,,
GBX,,,
AIV,,,
GEO,,,
MLR,,,
ADTN,,,
MATW,,,
VRE,,,
PNBK,,,
DAR,,,
SIRI,,,
WVVI,,,
RS,,,
RELX,,,
PKX,,,
O,,,
KGC,,,
SSYS,,,
KNX,,,
CARV,,,
TSEM,,,
BMO,,,
KEP,,,
CVLG,,,
BSAC,,,
MCO,,,
SIG,,,
SJM,,,
HDSN,,,
UHAL,,,
NWBI,,,
MCK,,,
COF,,,
TGS,,,
VECO,,,
STM,,,
TEO,,,
CYD,,,
IRS,,,
MIND,,,
MSN,,,
CIGI,,,
MLAB,,,
NSIT,,,
UPBD,,,
TBI,,,
USNA,,,
AZTA,,,
QUAD,,,
STRT,,,
ACIW,,,
DLTR,,,
ASML,,,
AMPG,,,
COR,,,
TAIT,,,
TRT,,,
CBZ,,,
DRI,,,
NMR,,,
HLIT,,,
MITK,,,
CWCO,,,
RMD,,,
SBGI,,,
SCKT,,,
PAAS,,,
LECO,,,
FORD,,,
WAB,,,
OBLG,,,
NHTC,,,
GIC,,,
FCX,,,
ICCC,,,
CLMB,,,
DSWL,,,
TK,,,
CIB,,,
RNR,,,
DIT,,,
RWT,,,
CHNR,,,
KFRC,,,
IART,,,
SVC,,,
AGM,,,
AGX,,,
AUB,,,
CCRD,,,
CLRO,,,
CMCT,,,
DLHC,,,
GTIM,,,
GYRO,,,
INTG,,,
KELYB,,,
LWAY,,,
MARPS,,,
MNST,,,
MOG-B,,,
NEN,,,
OSBC,,,
PDEX,,,
PEBK,,,
PESI,,,
PHX,,,
PNRG,,,
POCI,,,
RAND,,,
RCMT,,,
SIM,,,
STRL,,,
TAYD,,,
TRIB,,,
UBCP,,,
UUU,,,
VALU,,,
VSEC,,,
WASH,,,
WSBC,,,
IVZ,,,
AUBN,,,
ACGL,,,
SAP,,,
SMSI,,,
MD,,,
CLB,,,
ERIE,,,
EG,,,
MYGN,,,
ELLO,,,
THG,,,
ACHV,,,
POOL,,,
RICK,,,
RY,,,
WLYB,,,
BAP,,,
CCF,,,
DVA,,,
BANR,,,
OPK,,,
HSIC,,,
MLSS,,,
BLDP,,,
MATV,,,
AEIS,,,
EL,,,
WAT,,,
FFIC,,,
NTAP,,,
SAM,,,
E,,,
NWPX,,,
NVAX,,,
HIG,,,
MSM,,,
SGU,,,
ITT,,,
ASTC,,,
EME,,,
ACNB,,,
CASS,,,
MLP,,,
BCO,,,
SCCO,,,
BYFC,,,
CAE,,,
RCI,,,
OTEX,,,
NICE,,,
IRM,,,
OVBC,,,
LFCR,,,
IRIX,,,
ANDE,,,
CMCO,,,
CSGS,,,
GEF,,,
LPTH,,,
SPH,,,
SGRP,,,
HUBG,,,
CCJ,,,
KRMD,,,
CENX,,,
BOSC,,,
KVHI,,,
OCC,,,
JCTC,,,
OLED,,,
TCX,,,
JAKK,,,
BRK-B,,,
FCN,,,
DEO,,,
BVN,,,
MFIN,,,
NBIX,,,
ARTNA,,,
AGM-A,,,
BSRR,,,
CCNE,,,
CNOB,,,
CZNC,,,
IBOC,,,
PBHC,,,
WULF,,,
WWD,,,
GROW,,,
AVDL,,,
RUSHB,,,
TU,,,
CASI,,,
ANSS,,,
SKM,,,
CHKP,,,
FDS,,,
PROV,,,
QGEN,,,
OCFC,,,
PEGA,,,
STRA,,,
GERN,,,
SSRM,,,
TTEC,,,
LAMR,,,
GES,,,
CSV,,,
OPCH,,,
TACT,,,
MVIS,,,
TD,,,
SRCE,,,
NVEC,,,
FMS,,,
ONIT,,,
ANF,,,
SPPI,,,
DRD,,,
HMY,,,
BJRI,,,
CHH,,,
PAG,,,
TGI,,,
NOV,,,
UNFI,,,
NVS,,,
PDS,,,
PLUS,,,
SNEX,,,
VEON,,,
WLFC,,,
CIG,,,
DB,,,
ING,,,
PSO,,,
SID,,,
AWRE,,,
NUS,,,
STLD,,,
CNI,,,
ESLT,,,
FORR,,,
GEL,,,
VSAT,,,
HIHO,,,
VYX,,,
CALM,,,
LAD,,,
DGX,,,
PCYO,,,
TENX,,,
DSS,,,
RDNT,,,
ARWR,,,
HLIO,,,
EPM,,,
UNTY,,,
HNRG,,,
ELTK,,,
SSB,,,
NSP,,,
KRC,,,
CERS,,,
CCBG,,,
KMX,,,
MTN,,,
VCEL,,,
CIEN,,,
GOGL,,,
SLGN,,,
FCEL,,,
ABEV,,,
MXC,,,
EEFT,,,
CLWT,,,
CRESY,,,
LOGI,,,
GIFI,,,
AKO-B,,,
TTWO,,,
PRPH,,,
ALV,,,
AULT,,,
VTR,,,
CPSH,,,
DHIL,,,
ESGR,,,
FCBC,,,
GNSS,,,
HAFC,,,
RMBS,,,
AMZN,,,
WILC,,,
ARE,,,
RFIL,,,
RYAAY,,,
SRPT,,,
RL,,,
MMS,,,
INTT,,,
BXP,,,
SLP,,,
FIX,,,
HLX,,,
EGHT,,,
CXW,,,
JLL,,,
EDAP,,,
MT,,,
ORKA,,,
LKFN,,,
AEHR,,,
SLG,,,
PSMT,,,
SIGA,,,
YUM,,,
FARO,,,
PLCE,,,
BHB,,,
RDCM,,,
NAT,,,
OSIS,,,
INVE,,,
CAC,,,
NLY,,,
TSM,,,
SRI,,,
CHRW,,,
CSR,,,
FORTY,,,
INVX,,,
FDP,,,
CWST,,,
GPI,,,
SNDA,,,
LTM,,,
FE,,,
SAH,,,
CM,,,
MTD,,,
EPR,,,
AMG,,,
GEOS,,,
PLD,,,
RNWK,,,
NOTV,,,
MPB,,,
INGR,,,
POWI,,,
URI,,,
OMCC,,,
AEE,,,
CTA-P-B,,,
WFC-P-Y,,,
DENN,,,
TSBK,,,
WPC,,,
RMTI,,,
IESC,,,
HOPE,,,
PRDO,,,
MRCY,,,
VRSN,,,
PWR,,,
SCS,,,
AMT,,,
CNXN,,,
NWFL,,,
SRDX,,,
SPNS,,,
CIX,,,
RBA,,,
FNWD,,,
COLM,,,
CBAN,,,
MFA,,,
UVSP,,,
WTFC,,,
MANH,,,
CRAI,,,
AMKR,,,
KFS,,,
CFFI,,,
DXPE,,,
HFWA,,,
FMX,,,
IOSP,,,
SBSI,,,
FHI,,,
ICLR,,,
PLX,,,
WYY,,,
AXTI,,,
WCN,,,
CLAR,,,
HCKT,,,
ELP,,,
HZO,,,
SENEA,,,
MSTR,,,
CTSH,,,
DOX,,,
GIL,,,
AWX,,,
SRE,,,
CLS,,,
CSGP,,,
RSG,,,
BELFB,,,
HTBK,,,
RBCAA,,,
LEU,,,
EPD,,,
INUV,,,
AU,,,
CCI,,,
IX,,,
EBAY,,,
NTWK,,,
BUSE,,,
GIB,,,
DDT,,,
TVC,,,
PB,,,
VIV,,,
PAA,,,
SNBR,,,
INO,,,
REPX,,,
CFBK,,,
CHMG,,,
FCAP,,,
FMNB,,,
SBFG,,,
FUSB,,,
DCOM,,,
BAK,,,
HT,,,
NVDA,,,
DSGX,,,
AXL,,,
EWBC,,,
BB,,,
KFY,,,
VERU,,,
APT,,,
MTEX,,,
CVV,,,
IMNN,,,
LSTA,,,
UBFO,,,
CWBC,,,
UTMD,,,
FCCO,,,
GGB,,,
INFY,,,
FMBH,,,
MKSI,,,
BKNG,,,
CFFN,,,
TREX,,,
EXTR,,,
LSAK,,,
ATLC,,,
PETS,,,
SHEN,,,
HSII,,,
PGC,,,
PLPC,,,
CNX,,,
WTBA,,,
YORW,,,
GS,,,
TOWN,,,
UONE,,,
WCC,,,
LOAN,,,
ORRF,,,
TVE,,,
KT,,,
AUDC,,,
FFIV,,,
CTLP,,,
SBAC,,,
UTHR,,,
FISI,,,
JNPR,,,
AIOT,,,
GCBC,,,
ECPG,,,
CKX,,,
EGBN,,,
FNLC,,,
HSBC,,,
HWBK,,,
MBWM,,,
ZD,,,
BMRN,,,
LII,,,
VHC,,,
QMCO,,,
FLWS,,,
UNB,,,
NTCT,,,
ARLP,,,
SWBI,,,
PFBC,,,
AVNT,,,
BNS,,,
CX,,,
BIO-B,,,
EGAN,,,
MFC,,,
RDWR,,,
BLK,,,
UGP,,,
FSI,,,
QUIK,,,
SIFY,,,
KINS,,,
LCNB,,,
OMEX,,,
SFST,,,
AKAM,,,
GAIA,,,
PLUG,,,
KTOS,,,
GLBZ,,,
UPS,,,
IMMR,,,
SNN,,,
A,,,
IDN,,,
TDY,,,
CCZ,,,
ATI,,,
NKSH,,,
DMRC,,,
BGC,,,
BMRC,,,
JHX,,,
RDIB,,,
PKG,,,
AGEN,,,
BBGI,,,
ATLO,,,
GIGM,,,
DHC,,,
UAMY,,,
UTSI,,,
SLF,,,
SLAB,,,
ENR,,,
EPC,,,
EW,,,
IBN,,,
MET,,,
EBMT,,,
SGMO,,,
LPSN,,,
LXRX,,,
HSTM,,,
NVMI,,,
EXEL,,,
ON,,,
TRUE,,,
ANIP,,,
PXLW,,,
INSM,,,
UONEK,,,
CYH,,,
ISRG,,,
CRL,,,
JHG,,,
BBT,,,
PUK,,,
MRVL,,,
NTES,,,
ACLS,,,
ENTG,,,
TKC,,,
SOHU,,,
SAVA,,,
PRPO,,,
ERJ,,,
EPAC,,,
GGAL,,,
CAMT,,,
ILMN,,,
CNQ,,,
CRIS,,,
EVC,,,
SPTN,,,
BRKR,,,
CRNT,,,
ISSC,,,
LTRX,,,
MNDO,,,
BOTJ,,,
PBR,,,
CGEN,,,
EQIX,,,
PNFP,,,
UMC,,,
TTMI,,,
NEWT,,,
ASR,,,
DRRX,,,
ITGR,,,
ASX,,,
AIRI,,,
TPR,,,
WIT,,,
CUK,,,
LTBR,,,
PSTV,,,
INSG,,,
RIGL,,,
FLR,,,
GRMN,,,
RGP,,,
AEMD,,,
AERT,,,
ALRS,,,
ANIX,,,
BHC,,,
BRFS,,,
CCU,,,
CIVB,,,
CZFS,,,
FDBC,,,
FGBI,,,
FRAF,,,
FXNC,,,
HOFT,,,
HWC,,,
IBCP,,,
ID,,,
LFMD,,,
LIVE,,,
NGG,,,
OSPN,,,
OZK,,,
SITC,,,
SMBK,,,
SNFCA,,,
SPGI,,,
SRL,,,
TLK,,,
TRAW,,,
USIO,,,
WELL,,,
GPN,,,
ALGN,,,
EXAS,,,
AMX,,,
OIS,,,
KTH,,,
MPX,,,
BHRB,,,
HBIO,,,
SHBI,,,
MUFG,,,
RDY,,,
DGICA,,,
RVP,,,
IDT,,,
VABK,,,
CBFV,,,
AXON,,,
MDLZ,,,
FTI,,,
XELB,,,
BFH,,,
IMOS,,,
FIS,,,
PRSO,,,
ACN,,,
HDB,,,
ZBH,,,
PDFS,,,
TAC,,,
BG,,,
FRO,,,
OMCL,,,
PKBK,,,
PFG,,,
CCRN,,,
ELV,,,
LMNR,,,
KB,,,
AMN,,,
WW,,,
BBD,,,
LYG,,,
AAP,,,
AYI,,,
CNC,,,
PRU,,,
HBNC,,,
COFS,,,
BCH,,,
HUSA,,,
BFC,,,
SYNA,,,
CCOI,,,
GME,,,
BKYI,,,
MGLD,,,
ITUB,,,
TEN,,,
UCB,,,
ABG,,,
VALE,,,
SBRA,,,
OVV,,,
JBLU,,,
CPHI,,,
PLG,,,
DCTH,,,
WNEB,,,
SBS,,,
VRNT,,,
TBRG,,,
NFLX,,,
NPO,,,
BYON,,,
MBCN,,,
PFIS,,,
HQI,,,
TRI,,,
WHG,,,
PLBC,,,
CTA-P-A,,,
NDAQ,,,
SLG-P-I,,,
SNY,,,
SPG-P-J,,,
RUSHA,,,
STZ-B,,,
TECK,,,
RRGB,,,
CVGW,,,
KIRK,,,
GLAD,,,
FKWL,,,
TZOO,,,
GTN,,,
ATHE,,,
GALT,,,
SAIA,,,
BGFV,,,
CBAT,,,
BANC,,,
NRP,,,
HNNA,,,
DKS,,,
NGS,,,
WYNN,,,
CEVA,,,
MMLP,,,
PRAA,,,
SAFT,,,
CME,,,
FLUX,,,
STX,,,
ACTG,,,
TS,,,
PFS,,,
EGO,,,
RIOT,,,
DMLP,,,
AGI,,,
LODE,,,
STRR,,,
CHSCP,,,
IHG,,,
LEN-B,,,
NYCB-P-U,,,
PED,,,
YHGJ,,,
UVE,,,
FORM,,,
OPHC,,,
PLUR,,,
AXS,,,
CVCO,,,
MOH,,,
APDN,,,
APWC,,,
EFSC,,,
GENC,,,
GLNG,,,
IAG,,,
WKSP,,,
LAB,,,
NTGR,,,
GOOD,,,
TCBI,,,
MODV,,,
AHT,,,
BCLI,,,
CNO,,,
SHG,,,
WF,,,
LKQ,,,
GAM-P-B,,,
CAAS,,,
CRWS,,,
GEF-B,,,
MKC-V,,,
PBR-A,,,
XPO,,,
CHT,,,
NAK,,,
BCBP,,,
OVLY,,,
CODA,,,
CRI,,,
SVA,,,
CNVS,,,
ADEA,,,
NXST,,,
SNX,,,
NRG,,,
KTN,,,
NG,,,
KRO,,,
TCOM,,,
TXMD,,,
CMP,,,
NNI,,,
GBLI,,,
ASRT,,,
LITS,,,
SGI,,,
UTI,,,
JSM,,,
PIPR,,,
IPB,,,
ARQ,,,
ONCT,,,
TBBK,,,
AIZ,,,
DVAX,,,
HTH,,,
OGEN,,,
BANFP,,,
HALO,,,
NEO,,,
UCTT,,,
BWEN,,,
CZWI,,,
MCHX,,,
JBK,,,
ABR,,,
CORT,,,
SA,,,
AGO,,,
CYTK,,,
SVRA,,,
BGMS,,,
GJH,,,
MFIC,,,
SEED,,,
COHN,,,
GNW,,,
ACAD,,,
ALNY,,,
ANGO,,,
LBTYA,,,
LBTYB,,,
CBRE,,,
SFL,,,
CRM,,,
MGI,,,
DPZ,,,
LPL,,,
ADAM,,,
BLKB,,,
CRDF,,,
PSEC,,,
PYT,,,
MNKD,,,
ENS,,,
TOPS,,,
BCML,,,
CVGI,,,
KRG,,,
WLK,,,
PRSU,,,
STXS,,,
CNS,,,
EXR,,,
GOOGL,,,
ARCC,,,
INVA,,,
LFVN,,,
TXRH,,,
HURN,,,
SHO,,,
CUBE,,,
BBW,,,
DLR,,,
MKTX,,,
ORA,,,
SPOK,,,
NGD,,,
MPWR,,,
SPRO,,,
FMAO,,,
CREG,,,
BXC,,,
CHCI,,,
LVS,,,
NCTY,,,
HLF,,,
SOHO,,,
INBK,,,
BMRA,,,
CE,,,
EYPT,,,
NATL,,,
WTI,,,
GRVY,,,
DNN,,,
PBH,,,
ACCS,,,
EBTC,,,
HUN,,,
WEX,,,
DLB,,,
SPCB,,,
KRNY,,,
KFFB,,,
FTFT,,,
DSX,,,
ALTO,,,
RAIL,,,
DXCM,,,
GS-P-A,,,
SVM,,,
JVA,,,
MORN,,,
LAZ,,,
ZUMZ,,,
TRX,,,
CTRN,,,
IRD,,,
DRH,,,
FSP,,,
HTGC,,,
GAIN,,,
LINC,,,
BFIN,,,
BLDR,,,
THS,,,
DBI,,,
SIMO,,,
WAL,,,
MPW,,,
WBD,,,
SLMBP,,,
EXPE,,,
OPBK,,,
FTK,,,
PCAP,,,
OFLX,,,
ATRC,,,
BIDU,,,
STN,,,
RBC,,,
CF,,,
ACCO,,,
TCRT,,,
XTLB,,,
LBTYK,,,
AMP,,,
SURG,,,
ISG,,,
AAL,,,
ITRN,,,
GLP,,,
CMPR,,,
WSBF,,,
ALT,,,
GASS,,,
FBIZ,,,
DHT,,,
FNF,,,
NNVC,,,
SSKN,,,
IRBT,,,
CATX,,,
CLRB,,,
CCO,,,
BEP,,,
BGI,,,
ICE,,,
AMSF,,,
UAA,,,
ASM,,,
GJO,,,
BKD,,,
BGMSP,,,
HOVNP,,,
TRAK,,,
CPA,,,
GTE,,,
LYV,,,
MGYR,,,
CLMT,,,
CMG,,,
SMFG,,,
PERI,,,
KOP,,,
TX,,,
ET,,,
UAL,,,
ACR,,,
CROX,,,
LQDT,,,
PAC,,,
SBLK,,,
TAP-A,,,
GPRE,,,
TDG,,,
BMA,,,
HIMX,,,
POR,,,
BTE,,,
GYRE,,,
VNDA,,,
IGC,,,
USBC,,,
ORMP,,,
EXK,,,
GJS,,,
DK,,,
ESEA,,,
PZG,,,
QVCGA,,,
CODI,,,
WRN,,,
MA,,,
MWA,,,
ATEC,,,
SNCR,,,
HOMB,,,
APPS,,,
SCWO,,,
NECB,,,
KALU,,,
ZXZZT,,,
SSBI,,,
TNL,,,
ASTI,,,
GTLS,,,
WNS,,,
AVXL,,,
EVR,,,
GURE,,,
HBI,,,
XPL,,,
EDU,,,
TAOP,,,
GORO,,,
CVLT,,,
ICFI,,,
WU,,,
LDOS,,,
DAC,,,
AWI,,,
LMAT,,,
EHTH,,,
EXLS,,,
DEI,,,
SONN,,,
FRST,,,
OC,,,
RLGT,,,
GSAT,,,
CPRX,,,
MFG,,,
CSIQ,,,
EBS,,,
ALLT,,,
HRI,,,
KBR,,,
FSLR,,,
SBH,,,
AER,,,
WLDN,,,
NOA,,,
UUUU,,,
AG,,,
SPR,,,
OMAB,,,
ALGT,,,
MNOV,,,
BCIC,,,
IPGP,,,
TOVX,,,
MLCO,,,
PALI,,,
GLDD,,,
AHG,,,
BAC-P-E,,,
SLNG,,,
TTNP,,,
FSM,,,
NVGS,,,
MVO,,,
AVAV,,,
MODD,,,
SNOA,,,
EIG,,,
CSBR,,,
CENTA,,,
MDGL,,,
ARAY,,,
NCMI,,,
PRTS,,,
III,,,
STT-P-G,,,
CAPR,,,
KAVL,,,
CQP,,,
SAR,,,
FRBA,,,
GSIT,,,
SMCI,,,
CPLP,,,
BR,,,
UEC,,,
REI,,,
NOG,,,
PCS,,,
PNNT,,,
TMUS,,,
TFSL,,,
CNK,,,
OPTT,,,
EDN,,,
THM,,,
DAL,,,
IBKR,,,
ACM,,,
PODD,,,
DGLY,,,
TTGT,,,
TRS,,,
BGS,,,
GLRE,,,
CLNE,,,
FOLD,,,
JAZZ,,,
GRBK,,,
TEL,,,
HFBL,,,
BX,,,
SCOR,,,
BLIN,,,
AREN,,,
LGO,,,
LWLG,,,
OLB,,,
OPRX,,,
RTO,,,
WDS,,,
WFG,,,
PMN,,,
XPEL,,,
INM,,,
DHX,,,
PRO,,,
PWRD,,,
LULU,,,
GJT,,,
G,,,
ARGO,,,
MASI,,,
ARMN,,,
BRBS,,,
MELI,,,
VMW,,,
SUZ,,,
MDXG,,,
EMX,,,
KNDI,,,
HROW,,,
ITP,,,
TDC,,,
OBT,,,
MAIN,,,
FFNW,,,
PAYS,,,
NWG,,,
CVI,,,
ULTA,,,
NBY,,,
SHIP,,,
FTLF,,,
ACIC,,,
ANTE,,,
NFBK,,,
APEI,,,
ENSG,,,
NMM,,,
SCU,,,
MSCI,,,
CIM,,,
ARR,,,
KW,,,
FNV,,,
FOR,,,
LRN,,,
TITN,,,
TNK,,,
AEHL,,,
OESX,,,
ORN,,,
FLNT,,,
GJP,,,
GJR,,,
INFU,,,
NWE,,,
DAN,,,
GAU,,,
SATS,,,
DMAC,,,
SFBC,,,
BIP,,,
AACG,,,
MOFG,,,
SOL,,,
HMR,,,
DALN,,,
EVGN,,,
GLBS,,,
BCDA,,,
PM,,,
V,,,
IRDM,,,
HI,,,
TROO,,,
ENFY,,,
IPI,,,
AWK,,,
KDP,,,
PLAG,,,
ENOV,,,
AGNC,,,
RDGT,,,
TFII,,,
SGLY,,,
SB,,,
OCSL,,,
ANY,,,
BTG,,,
SELF,,,
ERII,,,
NAGE,,,
JBTM,,,
URG,,,
PRIM,,,
TREE,,,
MYRG,,,
GSL,,,
WPRT,,,
IBIO,,,
MVBF,,,
CPHC,,,
ZNB,,,
RGA,,,
HCI,,,
EC,,,
MHH,,,
FSFG,,,
HBCP,,,
BINI,,,
APLD,,,
KGEI,,,
TAK,,,
BPOPM,,,
EBR,,,
LOPE,,,
NIXX,,,
CLW,,,
CYRX,,,
VRTS,,,
AMRX,,,
NEPH,,,
HBM,,,
SLNH,,,
OPXS,,,
VRME,,,
ABI,,,
SAND,,,
GMAB,,,
SWKH,,,
OPI,,,
NATR,,,
BUD,,,
IVR,,,
VATE,,,
GSM,,,
PMT,,,
RCON,,,
ASPS,,,
AVGO,,,
CPIX,,,
STWD,,,
CNET,,,
SPB,,,
ARI,,,
SEM,,,
BSBR,,,
VRSK,,,
MG,,,
OMER,,,
ADUS,,,
GMGI,,,
SBFM,,,
TWO,,,
H,,,
LEA,,,
AQN,,,
DG,,,
CVE,,,
FTNT,,,
EVO,,,
PEB,,,
CCM,,,
KAR,,,
CHTR,,,
FERG,,,
QRHC,,,
IRWD,,,
SLRC,,,
PDM,,,
TRNO,,,
GNRC,,,
QNST,,,
ST,,,
CALX,,,
FIBK,,,
MXL,,,
VFF,,,
HTHT,,,
SSNC,,,
STNG,,,
PRI,,,
TSSI,,,
BWFG,,,
VUZI,,,
LIXT,,,
GBDC,,,
CLDT,,,
CDXS,,,
NEGG,,,
SPSC,,,
SCNX,,,
LYB,,,
AOSL,,,
BEEM,,,
TGTX,,,
PLOW,,,
SIX,,,
CRMD,,,
JKS,,,
CPS,,,
FAF,,,
STLA,,,
CBOE,,,
VPG,,,
HPP,,,
FN,,,
TSLA,,,
KKR,,,
AMRC,,,
GDOT,,,
BWXT,,,
NXPI,,,
MMYT,,,
ELMD,,,
WSR,,,
VET,,,
PMCB,,,
DTST,,,
SASI,,,
C-P-N,,,
TBCH,,,
VC,,,
PBA,,,
DQ,,,
EFC,,,
GPRK,,,
IOVA,,,
TIPT,,,
TAL,,,
VRA,,,
PACB,,,
BCTX,,,
HRZN,,,
CMRE,,,
HHH,,,
NOAH,,,
BAH,,,
GM,,,
LPLA,,,
TROX,,,
TRGP,,,
LEDS,,,
CPAY,,,
WD,,,
ASMB,,,
PSHG,,,
CTGO,,,
AAT,,,
XXII,,,
AGRO,,,
BKU,,,
PCRX,,,
GEVO,,,
INN,,,
KMI,,,
TLPH,,,
SMTI,,,
AIFF,,,
ASTH,,,
BYRN,,,
CCEL,,,
EP,,,
IDR,,,
WFCF,,,
SUNS,,,
KG,,,
ARMP,,,
HCA,,,
FURY,,,
MX,,,
HII,,,
FF,,,
APO,,,
ABVC,,,
PFLT,,,
UAN,,,
NSPR,,,
ARCO,,,
STAG,,,
AL,,,
SQNS,,,
VNET,,,
SSSS,,,
THR,,,
ACST,,,
VOC,,,
CBX,,,
KOS,,,
RLJ,,,
FENG,,,
NGL,,,
COCP,,,
NMFC,,,
NBIS,,,
TIGO,,,
GRFS,,,
GIFT,,,
EFXT,,,
AMCX,,,
FDUS,,,
MPC,,,
MITT,,,
GLDG,,,
IROQ,,,
INPX,,,
ZG,,,
CAPS,,,
SXC,,,
BLRX,,,
CHEF,,,
IZEA,,,
LIQT,,,
CSRE,,,
FBIN,,,
ZTEST,,,
ZBZX,,,
VNRX,,,
XYL,,,
UI,,,
NVFY,,,
GNE,,,
PVL,,,
GRPN,,,
VAC,,,
INVN,,,
ANGI,,,
APTV,,,
FBIO,,,
TRIP,,,
CIVI,,,
CPRI,,,
VTLE,,,
GWRE,,,
POST,,,
VSTM,,,
MTDR,,,
EPAM,,,
HMST,,,
VIVS,,,
NUWE,,,
CUBI,,,
CPAC,,,
LINK,,,
PRLB,,,
YELP,,,
BCAR,,,
SNGX,,,
BBDO,,,
ALSN,,,
MTSI,,,
QXO,,,
SLSN,,,
CSTE,,,
VIPS,,,
COOP,,,
RM,,,
MACK,,,
ZWS,,,
BRFH,,,
ENPH,,,
TCPC,,,
FET,,,
MRC,,,
OPT,,,
PSX,,,
IMMP,,,
PSIX,,,
BLOX,,,
AMPY,,,
PBYI,,,
CLIR,,,
TMQ,,,
ACRE,,,
SUPN,,,
CG,,,
MARA,,,
TLYS,,,
PHIO,,,
TGLS,,,
TNXP,,,
LND,,,
META,,,
IVF,,,
CDR-P-B,,,
ALEX,,,
NOW,,,
FSBW,,,
HTB,,,
FIVE,,,
PANW,,,
DHCNI,,,
GOVX,,,
MINM,,,
ZYXI,,,
NGVC,,,
INTZ,,,
GMED,,,
BLMN,,,
MANU,,,
PHLT,,,
TTSH,,,
CARE,,,
MVRK,,,
PARR,,,
NBHC,,,
SUN,,,
QLYS,,,
HY,,,
LXFR,,,
RGLS,,,
AMBA,,,
COSM,,,
HOUS,,,
SSTK,,,
FANG,,,
WDAY,,,
CAPL,,,
MRCC,,,
MPLX,,,
DKL,,,
RH,,,
VERO,,,
CANF,,,
ATOS,,,
OFS,,,
SCM,,,
TVTX,,,
TPST,,,
ESOA,,,
WHLR,,,
JOYY,,,
SRAX,,,
ENJ,,,
WHF,,,
WES,,,
PBF,,,
PRTA,,,
ATNM,,,
ABBV,,,
CTSO,,,
RDHL,,,
FWONA,,,
USAC,,,
NCLH,,,
TANNI,,,
VTOL,,,
BFAM,,,
LAND,,,
TPH,,,
ZTS,,,
CBO,,,
BCC,,,
CETY,,,
RC,,,
SBSW,,,
ORC,,,
IGZ,,,
HURA,,,
IPDN,,,
APAM,,,
JXG,,,
ENTA,,,
LFT,,,
MRIN,,,
PFXNL,,,
PRH,,,
NUTX,,,
KNOP,,,
TMHC,,,
CMRX,,,
EVTC,,,
HASI,,,
PRKS,,,
GCTK,,,
AEYE,,,
AMBC,,,
EARN,,,
RITM,,,
VOYA,,,
PPSI,,,
AHH,,,
IQV,,,
PFSI,,,
BRTX,,,
SOBR,,,
ARCT,,,
CSTM,,,
NRC,,,
CREX,,,
KMDA,,,
LITB,,,
COTY,,,
NWS,,,
NWSA,,,
PTCT,,,
GOGO,,,
ESPR,,,
CDW,,,
SAMG,,,
NDLS,,,
DOOO,,,
CWEN,,,
REXR,,,
AGIO,,,
TH,,,
AMH,,,
ASC,,,
SFM,,,
FOXF,,,
PGEN,,,
XPRO,,,
IRT,,,
SPNT,,,
MUSA,,,
SAIC,,,
RSSS,,,
TPCS,,,
VLRS,,,
CHSCO,,,
KODK,,,
EVOK,,,
LRFC,,,
AAOI,,,
PINC,,,
RNG,,,
CNH,,,
FATE,,,
BURL,,,
ESBA,,,
ESRT,,,
NTRP,,,
RMAX,,,
CHMI,,,
PBPB,,,
FISK,,,
OGCP,,,
AR,,,
MGNX,,,
GLPI,,,
PAGP,,,
VEEV,,,
ADMA,,,
ESI,,,
LPCN,,,
COMM,,,
NTIP,,,
BRX,,,
CRTO,,,
VCYT,,,
ESNT,,,
MMI,,,
AIMD,,,
BHR,,,
KPTI,,,
WIX,,,
BANX,,,
FVCB,,,
ICCM,,,
LGIH,,,
BNC,,,
NMIH,,,
CHGG,,,
DLNG,,,
TNDM,,,
ALLE,,,
JMSB,,,
BTCM,,,
IPWR,,,
VNCE,,,
MHNC,,,
XNCR,,,
FITBI,,,
ATHM,,,
ARMK,,,
HLT,,,
AMC,,,
PANL,,,
CBIO,,,
EKSO,,,
OGS,,,
TNFA,,,
BWLP,,,
MBUU,,,
RARE,,,
TVRD,,,
GCI,,,
QURE,,,
CARM,,,
ICMB,,,
LADR,,,
RVNC,,,
FLXN,,,
IBP,,,
SINT,,,
INGN,,,
KN,,,
EXPI,,,
FPAY,,,
SMLR,,,
IVT,,,
VRNS,,,
BTCS,,,
CHSCN,,,
TPVG,,,
NGNE,,,
GLMD,,,
AMRK,,,
PCTY,,,
AKBA,,,
BLBD,,,
LE,,,
MDWD,,,
QTWO,,,
AMBR,,,
ATEN,,,
PULM,,,
TSLX,,,
MRKR,,,
AGTC,,,
GOOG,,,
OXBR,,,
TNET,,,
OUT,,,
WATT,,,
FGNX,,,
MGNI,,,
RUBI,,,
VSA,,,
FIVN,,,
CGC,,,
ABTS,,,
ALLY,,,
DARE,,,
FPI,,,
PAHC,,,
CIO,,,
PAYC,,,
FSK,,,
MC,,,
IMUX,,,
NAVI,,,
SABR,,,
SPWH,,,
WB,,,
XBIO,,,
BGSF,,,
RZLT,,,
ALDX,,,
ARES,,,
SCYX,,,
BIVI,,,
TOON,,,
CMCM,,,
LPG,,,
TOUR,,,
SFBS,,,
AMTX,,,
TBPH,,,
CVEO,,,
DNOW,,,
NXPL,,,
JD,,,
HRTG,,,
CTRE,,,
OXLCN,,,
PCB,,,
ACR-P-C,,,
ANET,,,
TSE,,,
ASPN,,,
RYAM,,,
CCS,,,
VNOM,,,
VRDN,,,
ARDX,,,
LRMR,,,
MTUS,,,
XNET,,,
AMPH,,,
MTLS,,,
GPRO,,,
DBRG,,,
HSDT,,,
STKS,,,
XIFR,,,
ISTR,,,
NERV,,,
FWONK,,,
ACB,,,
IRMD,,,
CDNA,,,
MAMA,,,
GLOB,,,
TRUP,,,
EFOI,,,
CCLD,,,
TSQ,,,
LOCO,,,
OCUL,,,
OEC,,,
WMS,,,
WLKP,,,
ENLV,,,
HQY,,,
SYF,,,
WKHS,,,
RYI,,,
EU,,,
GNK,,,
MTNB,,,
OGI,,,
AUPH,,,
FENC,,,
AFMD,,,
LFWD,,,
CHSCM,,,
VVX,,,
ELDN,,,
PRQR,,,
BABA,,,
AHT-P-D,,,
ALL-P-B,,,
BAC-P-L,,,
BML-P-G,,,
BML-P-H,,,
BML-P-J,,,
BML-P-L,,,
C-P-K,,,
CIG-C,,,
CMRE-P-B,,,
CMRE-P-C,,,
CMS-P-B,,,
CZR,,,
DSX-P-B,,,
EBR-B,,,
EP-P-C,,,
EPR-P-C,,,
EPR-P-E,,,
GAB-P-G,,,
GAB-P-H,,,
GGN-P-B,,,
GLU-P-A,,,
GRP-U,,,
GS-P-C,,,
GS-P-D,,,
GSL-P-B,,,
HT-P-C,,,
HWM-P,,,
JPM-P-D,,,
LXP-P-C,,,
MER-P-K,,,
MET-P-A,,,
MFA-P-B,,,
MITT-P-A,,,
MITT-P-B,,,
MS-P-A,,,
MS-P-E,,,
MS-P-F,,,
PBI-P-B,,,
PCG-P-A,,,
PCG-P-B,,,
PCG-P-C,,,
PCG-P-D,,,
PCG-P-G,,,
PCG-P-H,,,
PCG-P-I,,,
SB-P-C,,,
SB-P-D,,,
SCE-P-G,,,
TY-P,,,
USB-P-A,,,
USB-P-H,,,
VNO-P-L,,,
WFC-P-L,,,
ZIONP,,,
AVAL,,,
AFGE,,,
CFG,,,
CYBR,,,
HL-P-B,,,
ICL,,,
MS-P-I,,,
OXBRW,,,
PCG-P-E,,,
PW-P-A,,,
WHLRP,,,
ZJZZT,,,
W,,,
DRIO,,,
HUBS,,,
RLMD,,,
VBTX,,,
PLAY,,,
ATRA,,,
KEYS,,,
AVNS,,,
DBVT,,,
TARA,,,
BOOT,,,
STEX,,,
ZZZ,,,
FFWM,,,
KE,,,
LBRDA,,,
LBRDK,,,
AM,,,
XENE,,,
CHRS,,,
UPLD,,,
FRPT,,,
INCR,,,
TFIN,,,
CRBP,,,
JYNT,,,
AXTA,,,
ENVA,,,
SLNO,,,
FGEN,,,
PGRE,,,
VANI,,,
UBS,,,
OCGN,,,
LC,,,
JRVR,,,
WK,,,
MOMO,,,
QSR,,,
TANNL,,,
INDV,,,
QRVO,,,
KEN,,,
CHSCL,,,
UE,,,
BOX,,,
CMBT,,,
ASND,,,
FNGR,,,
SLRX,,,
FNWB,,,
SHAK,,,
RENB,,,
VERB,,,
ATEX,,,
XHR,,,
DEA,,,
GP,,,
RPT,,,
RCKT,,,
CHEK,,,
SMMT,,,
INLX,,,
GSBD,,,
NXRT,,,
TANH,,,
CLLS,,,
SEDG,,,
BUR,,,
GDDY,,,
KRNT,,,
SKYE,,,
MFH,,,
KALV,,,
DUOT,,,
PIRS,,,
CDTX,,,
KDNY,,,
XBIT,,,
ETSY,,,
VIRT,,,
ZVRA,,,
UNIT,,,
NSA,,,
VKTX,,,
BPMC,,,
BSM,,,
ADAP,,,
ATYR,,,
COLL,,,
SCNI,,,
JAGX,,,
GLPG,,,
CMRE-P-D,,,
CWEN-A,,,
FTAI,,,
RKDA,,,
APLE,,,
BZUN,,,
CHCT,,,
SHOP,,,
FSV,,,
GNL,,,
NEXT,,,
EVH,,,
WING,,,
VLYPP,,,
ENVB,,,
QLGN,,,
ATXS,,,
CETX,,,
GKOS,,,
LNTH,,,
TRU,,,
ALRM,,,
APPF,,,
MCRB,,,
BLD,,,
BW,,,
CABO,,,
CC,,,
CFMS,,,
TDOC,,,
LILA,,,
LILAK,,,
NTRA,,,
KHC,,,
SRG,,,
EPIX,,,
GRNQ,,,
LIND,,,
OLLI,,,
PVBC,,,
RILY,,,
MCFT,,,
OOMA,,,
RPD,,,
PYPL,,,
LOB,,,
DLNG-P-A,,,
IBRX,,,
VTVT,,,
AQMS,,,
KPRX,,,
ABUS,,,
AGFS,,,
BNED,,,
Z,,,
GDEN,,,
INDP,,,
LITE,,,
VIAV,,,
RUN,,,
ZYNE,,,
PLNT,,,
CNFR,,,
HLI,,,
BNTC,,,
SCE-P-J,,,
RMNI,,,
RGNX,,,
NEE-P-Q,,,
PEN,,,
AKTX,,,
CSW,,,
MSGS,,,
PDSB,,,
PFGC,,,
PJT,,,
SGRY,,,
SYBX,,,
NVCR,,,
ACRS,,,
PSTG,,,
CTMX,,,
PMTS,,,
TANNZ,,,
DSKE,,,
IVDA,,,
HPE,,,
LIVN,,,
XTNT,,,
ZTST,,,
RACE,,,
PXS,,,
AROC,,,
EDSA,,,
KURA,,,
CELZ,,,
FCPT,,,
EQBK,,,
VYGR,,,
WVE,,,
AVTX,,,
MESO,,,
AXSM,,,
MTCH,,,
XYZ,,,
DLTH,,,
PPBT,,,
OMF,,,
OSG,,,
BDRX,,,
LMFA,,,
TEAM,,,
RMR,,,
YRD,,,
BCAL,,,
HUBB,,,
GDC,,,
ADVM,,,
ATS,,,
CELH,,,
CGAU,,,
CRVO,,,
CXDO,,,
DYAI,,,
EPSN,,,
FTS,,,
GWAV,,,
HEI-A,,,
IMDX,,,
MNSB,,,
NB,,,
NIC,,,
NOMD,,,
NOVT,,,
NXE,,,
OR,,,
POET,,,
PPIH,,,
RCM,,,
SMID,,,
SNYR,,,
SOTK,,,
THTX,,,
TOMZ,,,
VTSI,,,
WPM,,,
ZTEK,,,
HGBL,,,
PTIX,,,
WTW,,,
RIME,,,
NNDM,,,
POWW,,,
ELVA,,,
VIVK,,,
BVFL,,,
ZXYZ-A,,,
BLBX,,,
LMB,,,
CLSK,,,
RELI,,,
EDIT,,,
ONC,,,
DHCNL,,,
SNDX,,,
SCHW-P-D,,,
SCE-P-K,,,
HCM,,,
SENS,,,
SUIG,,,
CRVS,,,
ENO,,,
BBLG,,,
DTSS,,,
SYRE,,,
UA,,,
PR,,,
BATRA,,,
BATRK,,,
ENIC,,,
RRR,,,
GWRS,,,
BHR-P-B,,,
NGVT,,,
ULH,,,
NTLA,,,
VTGN,,,
TPB,,,
LEXX,,,
SITE,,,
PLSE,,,
MRUS,,,
SUPV,,,
MSBI,,,
USFD,,,
ZDGE,,,
CLSD,,,
GUT-P-C,,,
HT-P-D,,,
MBRX,,,
PROF,,,
ATKR,,,
COE,,,
RZB,,,
OTLK,,,
MHLA,,,
BBU,,,
RNAC,,,
TWLO,,,
GMRE,,,
WVVIP,,,
HONE,,,
FTV,,,
BPRN,,,
CRON,,,
AHT-P-F,,,
APVO,,,
PI,,,
TPIC,,,
MYSZ,,,
SRTS,,,
KNSL,,,
PAVM,,,
TCMD,,,
QNRX,,,
NEE-P-R,,,
FHB,,,
ATOM,,,
BCV-P-A,,,
MTVA,,,
SKYX,,,
CLPT,,,
MEDP,,,
PTGX,,,
AIRG,,,
EAI,,,
AMR,,,
ELC,,,
CTBB,,,
ZCZZT,,,
SOHOB,,,
ZAZZT,,,
ZBZZT,,,
CUBI-P-F,,,
AHL-P-D,,,
ADV,,,
CPAAW,,,
EMP,,,
FBK,,,
NTB,,,
NTEST,,,
NTEST-A,,,
NTEST-B,,,
TTD,,,
WHLRD,,,
ELF,,,
ACIU,,,
VVV,,,
ATEST,,,
ATEST-A,,,
NTEST-C,,,
SISI,,,
FLGT,,,
MRT,,,
NTNX,,,
SEAL-P-A,,,
ASIX,,,
DFIN,,,
SD,,,
VST,,,
CIO-P-A,,,
HIND,,,
WORX,,,
CWH,,,
MRAM,,,
ENTO,,,
TUSK,,,
AHT-P-G,,,
YUMC,,,
AA,,,
CIM-P-A,,,
CRSP,,,
IRTC,,,
ZTO,,,
BL,,,
GOLF,,,
PHUN,,,
ADNT,,,
GDS,,,
GECC,,,
SND,,,
HT-P-E,,,
LW,,,
GRWG,,,
AXS-P-E,,,
RILYL,,,
IIPR,,,
INSW,,,
MAA-P-I,,,
ALBT,,,
PRTH,,,
POLA,,,
SNES,,,
FRRSF,,,
ICHR,,,
LGF-B,,,
ATXG,,,
KEY-P-I,,,
TRVG,,,
YTRA,,,
NISN,,,
USAS,,,
INSE,,,
VVPR,,,
CNDT,,,
HYFT,,,
HGV,,,
PK,,,
ORGO,,,
RDNW,,,
AQB,,,
MCBS,,,
VREX,,,
LPTX,,,
MS-P-K,,,
ANAB,,,
JELD,,,
REVG,,,
AYTU,,,
DXC,,,
INVH,,,
LAUR,,,
TURN,,,
KRP,,,
METC,,,
CLPR,,,
SACH,,,
CIM-P-B,,,
HLNE,,,
MOGO,,,
SNAP,,,
BYSI,,,
JILL,,,
VIASP,,,
PMT-P-A,,,
ELBM,,,
GOOS,,,
NODK,,,
PTEST,,,
PUMP,,,
TWO-P-A,,,
FLG-P-A,,,
HEXO,,,
VRRM,,,
IMXI,,,
BTU,,,
TEN-P-E,,,
HESM,,,
SNDR,,,
OKTA,,,
HCC,,,
FBRX,,,
YEXT,,,
WTTR,,,
FND,,,
VRNA,,,
AJXA,,,
CTDD,,,
CVNA,,,
EEX,,,
NCSM,,,
ZYME,,,
KNTK,,,
URGN,,,
KREF,,,
OVID,,,
GLOP-P-A,,,
GNTY,,,
FPH,,,
IR,,,
SEI,,,
VERI,,,
ARGX,,,
BEDU,,,
PSA-P-F,,,
PENG,,,
APPN,,,
WOW,,,
ATEST-G,,,
ATEST-H,,,
ATEST-L,,,
CARS,,,
SMHI,,,
NESR,,,
NGL-P-B,,,
SSTI,,,
IMRN,,,
PLYM,,,
MYO,,,
NAOV,,,
CGBD,,,
EVTV,,,
FRSX,,,
BOC,,,
CODI-P-A,,,
SCE-P-L,,,
ATUS,,,
SAFE,,,
SGBX,,,
GPMT,,,
ESQ,,,
ETHZ,,,
ETHZW,,,
MRSN,,,
PMT-P-B,,,
APRN,,,
CMCL,,,
MGY,,,
BY,,,
NDRA,,,
BKR,,,
CTXR,,,
SMPL,,,
AMH-P-G,,,
CODX,,,
TWO-P-B,,,
BHF,,,
JBGS,,,
CLXT,,,
KALA,,,
TRTX,,,
NLY-P-F,,,
RBB,,,
RDFN,,,
VLYPO,,,
PSA-P-G,,,
DLR-P-J,,,
FRGT,,,
KIM-P-L,,,
WHWK,,,
IVR-P-C,,,
CHMI-P-A,,,
IMTE,,,
RNGR,,,
ACGLO,,,
AGNCN,,,
AHT-P-H,,,
CDR-P-C,,,
LVO,,,
BBCP,,,
MBIO,,,
WWR,,,
REKR,,,
RLJ-P-A,,,
ZKIN,,,
GNL-P-A,,,
HFFG,,,
GMRE-P-A,,,
NMTC,,,
CELC,,,
CUBT,,,
DESP,,,
KRYS,,,
ZLAB,,,
PETZ,,,
CTM,,,
GGT-P-E,,,
GTBP,,,
MTA,,,
NCPL,,,
RCAT,,,
SKE,,,
SLI,,,
SOQ,,,
SRXH,,,
SYTA,,,
XAIR,,,
ZVZZT,,,
ZWZZT,,,
GPJA,,,
IOMT,,,
FRT-P-C,,,
HBB,,,
FCUV,,,
MYND,,,
DCPH,,,
NCNA,,,
NMG,,,
ROKU,,,
MBAY,,,
SPCE,,,
PDLB,,,
FRHC,,,
ORLA,,,
FLUT,,,
RYTM,,,
SOHOO,,,
ADAMN,,,
PCSA,,,
ZVV,,,
CARG,,,
KIDS,,,
IMG,,,
OPTN,,,
IBO,,,
ODV,,,
SEAL-P-B,,,
SFB,,,
VICI,,,
NITO,,,
QD,,,
MDB,,,
MATH,,,
NAAS,,,
SE,,,
ERO,,,
FAT,,,
GNT-P-A,,,
IIPR-P-A,,,
AGAE,,,
EYE,,,
MBIN,,,
NEXA,,,
NEWP,,,
LOMA,,,
FNKO,,,
ACMR,,,
INN-P-E,,,
KXIN,,,
TBB,,,
FEDU,,,
IFRX,,,
MRBK,,,
REXR-P-B,,,
MCB,,,
NCRA,,,
STEL,,,
AHT-P-I,,,
APLS,,,
BAND,,,
FINV,,,
ARTL,,,
CNR,,,
FBIOP,,,
XFOR,,,
ARKO,,,
AUID,,,
BTMDW,,,
SCPH,,,
SFIX,,,
TWO-P-C,,,
CNNE,,,
EPR-P-G,,,
LOOP,,,
MIGI,,,
DTW,,,
KZIA,,,
SOJC,,,
RBBN,,,
BOXL,,,
FUBO,,,
NTRB,,,
WSC,,,
NRXPW,,,
NRXP,,,
VNO-P-M,,,
WBS-P-F,,,
QTRX,,,
DNLI,,,
SRG-P-A,,,
KIM-P-M,,,
NMRK,,,
DOGZ,,,
DGXX,,,
DLPN,,,
ICLK,,,
LX,,,
AREC,,,
EHC,,,
SLS,,,
CUE,,,
NTR,,,
BLNE,,,
VMD,,,
XWEL,,,
CDMO,,,
NLY-P-G,,,
GLOP-P-B,,,
LBRT,,,
HIVE,,,
ILPT,,,
BFS-P-D,,,
UMH-P-D,,,
ADT,,,
COLD,,,
NINE,,,
AREB,,,
PAGS,,,
GTES,,,
HYPD,,,
VYNE,,,
ACET,,,
GAME,,,
SLDB,,,
POAI,,,
CLGN,,,
SBLX,,,
BRSP,,,
CAAP,,,
OSS,,,
SLGL,,,
ATEST-B,,,
ATEST-C,,,
CEPU,,,
PRPL,,,
EOLS,,,
VCTR,,,
WHD,,,
ZEPP,,,
CDLX,,,
VXRT,,,
BLNK,,,
FAMI,,,
TRMD,,,
ENSC,,,
GRYP,,,
FGNXP,,,
CODI-P-B,,,
LPRO,,,
BTAI,,,
HUT,,,
CMSA,,,
GLIBA,,,
HYMC,,,
IPM,,,
BWB,,,
RCUS,,,
AIHS,,,
GORV,,,
ZS,,,
BTBT,,,
OXSQ,,,
BIOX,,,
DBX,,,
STG,,,
AAMI,,,
RDVT,,,
RFL,,,
UAVS,,,
GHG,,,
BILI,,,
QTTB,,,
COGT,,,
GNPX,,,
IQ,,,
WRB-P-E,,,
SPOT,,,
BFST,,,
LHC,,,
AGMH,,,
EAF,,,
SURF,,,
CLBK,,,
DAY,,,
LASR,,,
DOCU,,,
GSHD,,,
ECCX,,,
NVT,,,
BH-A,,,
PRT,,,
INSP,,,
JRSH,,,
ROAD,,,
OBK,,,
EQH,,,
TALO,,,
HUYA,,,
OAK-P-A,,,
EQNR,,,
BAC-P-B,,,
WH,,,
BORR,,,
XCUR,,,
AHCO,,,
CLPS,,,
KNSA,,,
SRRK,,,
ITRM,,,
WRAP,,,
EDRY,,,
MET-P-E,,,
NVNO,,,
ONCY,,,
AMBO,,,
EVRG,,,
MGTX,,,
QNTM,,,
RNR-P-F,,,
SNV-P-D,,,
COWNL,,,
LTRY,,,
LTRYW,,,
USX,,,
CEQP-P,,,
VRCA,,,
GRIN,,,
UNMA,,,
EPRT,,,
IIIV,,,
KZR,,,
MGTA,,,
TECX,,,
XERS,,,
AUTL,,,
ECOR,,,
TEN-P-F,,,
LOVE,,,
UXIN,,,
BJ,,,
BV,,,
ENTX,,,
ENTXW,,,
EVER,,,
STIM,,,
DOMO,,,
LSEA,,,
BROG,,,
RPAY,,,
BAC-P-K,,,
BRY,,,
CCB,,,
CRNX,,,
KULR,,,
ESTA,,,
MYFW,,,
TLRY,,,
REPL,,,
KEY-P-J,,,
AQST,,,
BE,,,
CANG,,,
JG,,,
LQDA,,,
PDD,,,
TENB,,,
ADIL,,,
DAVA,,,
DVLT,,,
OPRA,,,
VRT,,,
QUBT,,,
RAMP,,,
CWK,,,
SONO,,,
ARLO,,,
BBDC,,,
EQX,,,
OAK-P-B,,,
ALAR,,,
AMAL,,,
SOLO,,,
GTEC,,,
TBC,,,
USB-P-P,,,
SOLOW,,,
MESA,,,
BITF,,,
AMTB,,,
NCZ-P-A,,,
NIO,,,
YI,,,
AMH-P-H,,,
BHFAL,,,
CIM-P-C,,,
GTX,,,
KLXE,,,
NCV-P-A,,,
QVCD,,,
XYF,,,
ASB-P-E,,,
BSVN,,,
DUKB,,,
EB,,,
ELAN,,,
BNGO,,,
YMAB,,,
VIOT,,,
CBNK,,,
ARVN,,,
HCXY,,,
STRO,,,
VTAK,,,
AX,,,
CMSC,,,
FTDR,,,
LIN,,,
UPWK,,,
GH,,,
KOD,,,
ATPC,,,
ESTC,,,
OCCI,,,
BC/PA,,,
ALLO,,,
EQ,,,
REZI,,,
DLNG-P-B,,,
SIBN,,,
SSII,,,
MSC,,,
RVPH,,,
RVPHW,,,
NIU,,,
NSA-P-A,,,
AQNA,,,
ONDS,,,
PT,,,
STNE,,,
YETI,,,
RMI,,,
CLVT,,,
PTEST-W,,,
ACA,,,
GDYN,,,
HIG-P-G,,,
AXNX,,,
CNFRL,,,
TWST,,,
ALYAF,,,
SGML,,,
GLOP-P-C,,,
CNF,,,
ETON,,,
BHR-P-D,,,
BCSF,,,
TC,,,
TLSA,,,
UTZ,,,
MDRR,,,
XRTX,,,
SER,,,
PEB-P-F,,,
PEB-P-E,,,
BC/PB,,,
MOGU,,,
MRNA,,,
TME,,,
LEGH,,,
PHGE-U,,,
QFIN,,,
APM,,,
JHAA,,,
GLU-P-B,,,
DELL,,,
APYX,,,
SXTC,,,
MTC,,,
UOKA,,,
WKEY,,,
CRDL,,,
CIM-P-D,,,
JPM-P-C,,,
RBKB,,,
ADN,,,
ADNWW,,,
HITI,,,
PDX,,,
NFE,,,
INMB,,,
CHMI-P-B,,,
SBEV,,,
ALEC,,,
GOSS,,,
CTRM,,,
CMMB,,,
IMACW,,,
HOTH,,,
HGLB,,,
CMSD,,,
SLE,,,
AGNCM,,,
ASLE,,,
PSA-P-H,,,
DLR-P-K,,,
SJ,,,
BC/PC,,,
FUTU,,,
SF-P-B,,,
FOXA,,,
FOX,,,
PHGE,,,
TRTN-P-A,,,
BPYPP,,,
BHFAP,,,
NEEPN,,,
AFGB,,,
DOW,,,
OSW,,,
TIGR,,,
LEVI,,,
LAZR,,,
DUK-P-A,,,
GNFT,,,
MVST,,,
MVSTW,,,
NGL-P-C,,,
TEAF,,,
DTIL,,,
BALY,,,
LYFT,,,
MAAS,,,
MGR,,,
CYCN,,,
XTKG,,,
OXSQZ,,,
TW,,,
ALC,,,
NRGD,,,
NRGU,,,
PD,,,
JMIA,,,
SOHON,,,
BWAY,,,
PLMR,,,
FOA,,,
GNLN,,,
HOOK,,,
PINS,,,
ZM,,,
HYLN,,,
KEY-P-K,,,
MREO,,,
RF-P-C,,,
ALTG,,,
YCBD,,,
WAFU,,,
BYND,,,
SY,,,
TMDX,,,
ATIF,,,
DM,,,
RRBI,,,
YJ,,,
IHRT,,,
TRVI,,,
NRUC,,,
PSN,,,
AGM-P-D,,,
KTB,,,
MEC,,,
MIST,,,
NXTC,,,
QNCX,,,
SPFI,,,
JFIN,,,
SONM,,,
UBER,,,
APLT,,,
PSTL,,,
SR-P-A,,,
AVTR,,,
FSLY,,,
BCYC,,,
IDYA,,,
CTVA,,,
YYAI,,,
AQNB,,,
FINS,,,
TECTP,,,
PACK,,,
GDV-P-H,,,
ATH-P-A,,,
GOTU,,,
RVLV,,,
AIRTP,,,
AMCR,,,
AHH-P-A,,,
ATER,,,
CIH,,,
CRWD,,,
VOYA-P-B,,,
FVRR,,,
CHWY,,,
FLNG,,,
INBKZ,,,
BAC-P-M,,,
F-P-B,,,
TRTN-P-B,,,
STOK,,,
AKRO,,,
GO,,,
PSNL,,,
NLY-P-I,,,
PRIF-P-D,,,
NTEST-P,,,
SNV-P-E,,,
BSTZ,,,
CMBM,,,
RITM-P-A,,,
ADPT,,,
BBIO,,,
SREA,,,
REAL,,,
RMBI,,,
NTEST-H,,,
NTEST-I,,,
NTEST-J,,,
NTEST-K,,,
NTEST-M,,,
NTEST-N,,,
DOYU,,,
FSEA,,,
NTEST-G,,,
NTEST-L,,,
NTEST-O,,,
NTEST-Q,,,
FULC,,,
MIRM,,,
OBDC,,,
PBFS,,,
PHR,,,
AFYA,,,
CELUW,,,
EIC,,,
CSTL,,,
CTEST,,,
DKNG,,,
HCAT,,,
RCB,,,
BHAT,,,
RMM,,,
SKIL,,,
VIST,,,
HFRO-P-A,,,
ILLRW,,,
NTEST-Y,,,
NTEST-Z,,,
ILLR,,,
DT,,,
KRUS,,,
SNDL,,,
ALL-P-H,,,
AMTD,,,
AHL-P-E,,,
CELU,,,
IFS,,,
INMD,,,
RITM-P-B,,,
LSPD,,,
BPYPO,,,
BTOG,,,
CFB,,,
JFU,,,
FITBP,,,
PTEST-X,,,
PTEST-Y,,,
SPRU,,,
ETI-P,,,
COF-P-I,,,
PSA-P-I,,,
BAC-P-N,,,
BFS-P-E,,,
TXG,,,
CYBN,,,
FITBO,,,
HIMS,,,
MITT-P-C,,,
NET,,,
SWTX,,,
CHPT,,,
CRNC,,,
REXR-P-C,,,
NMCO,,,
NVST,,,
DDOG,,,
XGN,,,
RILYN,,,
GOODN,,,
OPRT,,,
PTON,,,
AGNCO,,,
DLR-P-L,,,
MAPS,,,
MAPSW,,,
PNTG,,,
RCEL,,,
APRE,,,
FREQ,,,
RILYP,,,
MTEST,,,
BNTX,,,
ADAMM,,,
HBT,,,
VIR,,,
BRBR,,,
EFC-P-A,,,
IPHA,,,
CFG-P-E,,,
AEFC,,,
BWIN,,,
CABA,,,
DAO,,,
PAVS,,,
PGNY,,,
PHAT,,,
AIO,,,
NTRSO,,,
JPM-P-J,,,
RAPT,,,
ASTS,,,
TRTN-P-C,,,
ALL-P-I,,,
AVPT,,,
BLDE,,,
PSA-P-J,,,
SYF-P-A,,,
CNSP,,,
KRKR,,,
TELA,,,
ETNB,,,
FNGS,,,
CODI-P-C,,,
UGRO,,,
LMNL,,,
MS-P-L,,,
BAFN,,,
CAN,,,
SITM,,,
ACEL,,,
EQH-P-A,,,
GNL-P-B,,,
PINE,,,
CPZ,,,
OZ,,,
QVCC,,,
CELG-R,,,
AFGC,,,
DPRO,,,
MXCT,,,
T-P-A,,,
NHPAP,,,
TFC-P-I,,,
GAB-P-K,,,
PSA-P-K,,,
XP,,,
BILL,,,
EH,,,
LFLYD,,,
OCFT,,,
SPT,,,
MBNKP,,,
GGT-P-G,,,
IMVT,,,
MNPR,,,
WRB-P-F,,,
BKSY,,,
INDO,,,
JBI,,,
CUBB,,,
F-P-C,,,
BATL,,,
KPLTW,,,
KPLT,,,
MNTSW,,,
MNTS,,,
BLDEW,,,
MDIA,,,
CURIW,,,
CURI,,,
MET-P-F,,,
JSPRW,,,
PRCH,,,
SOJD,,,
UROY,,,
BSBK,,,
WFC-P-Z,,,
IMAB,,,
SOGP,,,
TRTN-P-D,,,
VEL,,,
ARR-P-C,,,
ADXN,,,
ANVS,,,
BMEZ,,,
COF-P-J,,,
BDTX,,,
DCOMP,,,
ARQT,,,
REYN,,,
CCAP,,,
AGNCP,,,
BEAM,,,
OXLCP,,,
SDGR,,,
NREF,,,
ONEW,,,
BPYPN,,,
HUIZ,,,
RITM-P-C,,,
MDRRP,,,
RVMD,,,
SDOT,,,
T-P-C,,,
DX-P-C,,,
BEP-P-A,,,
ZCMD,,,
MFA-P-C,,,
DLY,,,
AEVA,,,
AEVAW,,,
ATCO-P-D,,,
ATCO-P-H,,,
PASG,,,
GFL,,,
FCNCP,,,
ELVN,,,
BWMX,,,
IGIC,,,
CARR,,,
OTIS,,,
AIIOW,,,
RFM,,,
BIPC,,,
BTCT,,,
WIMI,,,
OBE,,,
CTEV,,,
ZNTL,,,
KROS,,,
SPHR,,,
DCBO,,,
RSI,,,
ORIC,,,
SKLZ,,,
APG,,,
LYRA,,,
PCTTU,,,
KC,,,
AZ,,,
SF-P-C,,,
AGM-P-E,,,
ADCT,,,
BHFAO,,,
IMCC,,,
NEOV,,,
TFC-P-O,,,
FHN-P-E,,,
SLQT,,,
VINC,,,
PNFPP,,,
LNKB,,,
AFGD,,,
AUB-P-A,,,
BDCX,,,
CEFD,,,
EOSE,,,
EOSEW,,,
MLPR,,,
MVRL,,,
PLRX,,,
WMG,,,
GTM,,,
TOIIW,,,
ATON,,,
FOUR,,,
LEGN,,,
PSA-P-L,,,
ANG-P-B,,,
ASB-P-F,,,
UCL,,,
LTRN,,,
BNR,,,
CLOV,,,
GBIO,,,
PCVX,,,
RNA,,,
LGHL,,,
RPRX,,,
HWCPZ,,,
HAFN,,,
OPEN,,,
TFINP,,,
RPTX,,,
MP,,,
BRLIU,,,
OPINL,,,
REAX,,,
ACI,,,
AKUS,,,
API,,,
CISO,,,
EBON,,,
FTHY,,,
PYPD,,,
TMCWW,,,
SII,,,
ADTX,,,
FHN-P-C,,,
IIVI,,,
IMTX,,,
IMTXW,,,
LMND,,,
ITRG,,,
IVA,,,
NKTX,,,
PSTX,,,
QH,,,
BFLY,,,
PCTTW,,,
FATBP,,,
FATBW,,,
NCNO,,,
PCT,,,
GOCO,,,
RLAY,,,
ALIT,,,
ALXO,,,
RNLX,,,
NREF-P-A,,,
BRLI,,,
BRLIR,,,
BRLIW,,,
JAMF,,,
ZZK,,,
EDTK,,,
MEG,,,
NXTT,,,
ANNX,,,
INZY,,,
NRIX,,,
VOXR,,,
ASGI,,,
VERX,,,
KLRS,,,
LI,,,
OXY-WS,,,
SEVN,,,
TALK,,,
TALKW,,,
FTHM,,,
TFC-P-R,,,
VGFC,,,
VITL,,,
VSTA,,,
OBIO,,,
RXT,,,
WSBCP,,,
RKT,,,
IBEX,,,
SST,,,
IRON,,,
BEKE,,,
NTST,,,
AGM-P-F,,,
CVAC,,,
QS,,,
NYC,,,
HRMY,,,
UZD,,,
MIR,,,
PSA-P-M,,,
SABRP,,,
ANGHW,,,
AOUT,,,
CCNEP,,,
DRH-P-A,,,
KYMR,,,
NNOX,,,
CPSR,,,
HPK,,,
NUVB,,,
MAXN,,,
NDMO,,,
XPEV,,,
FFAIW,,,
PLBY,,,
PRFX,,,
FFAI,,,
PFH,,,
TNGX,,,
ORGN,,,
ORGNW,,,
RBOT,,,
SLN,,,
CRHC-U,,,
SCCC,,,
COF-P-K,,,
ABL,,,
MKTW,,,
BIP-P-A,,,
NFGC,,,
OM,,,
QVCGP,,,
BGLC,,,
FROG,,,
MNSBP,,,
MTCR,,,
SNOW,,,
STEP,,,
AMWL,,,
DYN,,,
ATHA,,,
CMPS,,,
LCID,,,
U,,,
FRGAP,,,
GETY,,,
EVLV,,,
BSY,,,
CRSR,,,
GDRX,,,
LSF,,,
SOJE,,,
AP-WS,,,
TSHA,,,
WRB-P-G,,,
AMST,,,
BCAT,,,
CALC,,,
GLSI,,,
GOVXW,,,
PMVP,,,
PRLD,,,
SYTAW,,,
VNT,,,
MGRB,,,
ASAN,,,
BQ,,,
PLTR,,,
PSA-P-N,,,
YALA,,,
AEPPZ,,,
AVO,,,
LUNG,,,
LXEH,,,
THRY,,,
VLDRW,,,
ASO,,,
CCCC,,,
GDEVW,,,
IMNM,,,
LNSR,,,
GDEV,,,
DTB,,,
SQFT,,,
ELUT,,,
PXSAW,,,
STEM,,,
IH,,,
KRON,,,
MPLN-WS,,,
OUST,,,
OUSTZ,,,
PSFE,,,
STTK,,,
SEAT,,,
SEATW,,,
ARRY,,,
EBC,,,
MNSO,,,
ALGS,,,
PRAX,,,
TARS,,,
TIMB,,,
LANDO,,,
OPP-P-A,,,
MLTX,,,
MSPR,,,
MSPRZ,,,
USB-P-Q,,,
YGMZ,,,
GHLD,,,
FHTX,,,
FULTP,,,
WFC-P-A,,,
ABST,,,
BAC-P-O,,,
BDSX,,,
BOAC-U,,,
CRC,,,
MAX,,,
PTA,,,
ROOT,,,
TBLAW,,,
ALGM,,,
GLTO,,,
LESL,,,
WGSWW,,,
AVIR,,,
LU,,,
SHOT,,,
SPIR,,,
QSIAW,,,
WGS,,,
OWLT,,,
GRNT,,,
JOBY,,,
BHFAN,,,
NOACU,,,
PSA-P-O,,,
CFR-P-B,,,
QSI,,,
UP,,,
PRTC,,,
REVBW,,,
VTRS,,,
REVB,,,
GCMG,,,
GCMGW,,,
LGL-WS,,,
UK,,,
UKOMW,,,
BKKT,,,
CMPO,,,
CMPOW,,,
OLMA,,,
TLS,,,
YSG,,,
ARBGU,,,
CHRD,,,
EVGO,,,
EVGOW,,,
MRVI,,,
OPFI,,,
PWP,,,
SHC,,,
GBTG,,,
VNO-P-N,,,
AEI,,,
CNXC,,,
HUMAW,,,
OZON,,,
SKIN,,,
VMAR,,,
AIZN,,,
LIXTW,,,
SDHY,,,
NRDY,,,
CNO-P-A,,,
SOFI,,,
GRAB,,,
GDXD,,,
GDXU,,,
HLMN,,,
HTPA-U,,,
SEER,,,
SGTX,,,
SPRY,,,
YQ,,,
CIFR,,,
CIFRW,,,
GRABW,,,
NOTE,,,
XOSWW,,,
SKYH,,,
SKYHWS,,,
TAOX,,,
AI,,,
DASH,,,
HMCOU,,,
PUBM,,,
SIGIP,,,
SMR,,,
ABNB,,,
ADOCR,,,
COOTW,,,
HTOO,,,
HTOOW,,,
HYFM,,,
HZON-WS,,,
ABCL,,,
CERT,,,
FDMT,,,
NBTX,,,
OPAD,,,
VVOS,,,
HYZN,,,
HYZNW,,,
OWL,,,
KWE,,,
OCG,,,
UZE,,,
WNW,,,
BCAB,,,
CCV-U,,,
UPST,,,
XOMAP,,,
ATH-P-D,,,
COEP,,,
COEPW,,,
DWTX,,,
ACHR,,,
BARK,,,
BOAC,,,
BOAC-WS,,,
MASS,,,
MYPS,,,
LBRDP,,,
IKT,,,
INBS,,,
PHAR,,,
GEG,,,
MRM,,,
ALTG-P-A,,,
CLNN,,,
CLNNW,,,
GWH,,,
IONQ,,,
WFRD,,,
ENVX,,,
RSVR,,,
BMTX-WS,,,
CVE-WS,,,
EQH-P-C,,,
LIDRW,,,
EVEX,,,
RSVRW,,,
VCKAU,,,
CGEM,,,
GFAI,,,
GRCL,,,
LHC-U,,,
SVFAU,,,
HIPO-WS,,,
LIDR,,,
SRZN,,,
KUKE,,,
LEXXW,,,
SWETU,,,
AFRM,,,
DLCAU,,,
GBNY,,,
LANDM,,,
MSGM,,,
BIP-P-B,,,
GRND,,,
MONCU,,,
WOOF,,,
DRVN,,,
PLTK,,,
VS,,,
VSSYW,,,
AFBI,,,
DFH,,,
LUXE,,,
BAC-P-P,,,
HUDI,,,
JCICU,,,
LMACU,,,
MNTK,,,
NAACU,,,
PAX,,,
RLX,,,
UWMC-WS,,,
NEWTZ,,,
NVTS,,,
SFRT,,,
SFRTW,,,
EZGO,,,
HYMCL,,,
RILYT,,,
WFC-P-C,,,
CDROW,,,
HYPR,,,
SHLS,,,
TIRX,,,
USB-P-R,,,
RYM,,,
VINP,,,
XM,,,
ZIM,,,
HMCO,,,
NLSP,,,
NLSPW,,,
NOAC,,,
NOACW,,,
TRIN,,,
FRGE,,,
HMCOW,,,
RNW,,,
RNWWW,,,
CGNT,,,
HBANP,,,
WAFDP,,,
ONTF,,,
TIXT,,,
TMAC-U,,,
CXAI,,,
CXAIW,,,
SANA,,,
SNSE,,,
VHAQ-R,,,
BOLT,,,
CCV,,,
CCV-WS,,,
CNEY,,,
ELTX,,,
EVAX,,,
IMCR,,,
IWFL,,,
IWML,,,
MTUL,,,
PHVS,,,
QULL,,,
SCDL,,,
SDACU,,,
SMRT,,,
TERN,,,
VOR,,,
BAOS,,,
FLAC,,,
FLACW,,,
MTAC,,,
ADAG,,,
BLUW,,,
CPTK-U,,,
EPOW,,,
ISPO,,,
ISPOW,,,
RELIW,,,
SABS,,,
SABSW,,,
APGB-U,,,
DSP,,,
EXE,,,
EXEEL,,,
EXEEW,,,
EXEEZ,,,
GRI,,,
LGACU,,,
BGRY,,,
BMBL,,,
BVS,,,
LDI,,,
NUVB-WS,,,
TFSA,,,
BGRYW,,,
BNZI,,,
BNZIW,,,
CVIIU,,,
DBTX,,,
LGVN,,,
PKST,,,
RCLFU,,,
TSIBU,,,
BFLY-WS,,,
RCC,,,
AMPGW,,,
AUUD,,,
AUUDW,,,
BWSN,,,
NVSAU,,,
PPTA,,,
WRB-P-H,,,
BCTXW,,,
IDAI,,,
RFMZ,,,
TDS-P-U,,,
TCBIO,,,
FSNB-U,,,
GGR,,,
GGROW,,,
INKA,,,
PACX,,,
PACXW,,,
PERF,,,
SES,,,
SES-WS,,,
NDACU,,,
OHPAU,,,
FORA,,,
OSCR,,,
GAINN,,,
INNV,,,
UWMC,,,
BZFD,,,
BZFDW,,,
EMBK,,,
SCLX,,,
SWET,,,
SWETW,,,
CSAN,,,
DRTS,,,
DRTSW,,,
GRNAW,,,
PDYNW,,,
SCLXW,,,
SDSTW,,,
GROY,,,
SYM,,,
THCHW,,,
ADSEW,,,
ATCH,,,
RBLX,,,
CPNG,,,
JPM-P-K,,,
LCAAU,,,
PYR,,,
SPKBU,,,
HAYW,,,
LBPH,,,
OUST-WS,,,
ROSS-U,,,
RXDX,,,
SCAQU,,,
STKH,,,
BAERW,,,
LANV,,,
LANV-WS,,,
LMACW,,,
NGIO,,,
SOND,,,
SONDW,,,
LMACA,,,
PLMIU,,,
BAER,,,
JWEL,,,
MBINN,,,
SNCY,,,
FTAIN,,,
GANX,,,
GLP-P-B,,,
ICUCW,,,
OXLCL,,,
TUYA,,,
AFCG,,,
CNTB,,,
PRE-P-J,,,
TIL,,,
BNL,,,
DRUG,,,
NVVE,,,
RC-P-C,,,
DGNU,,,
MOVE,,,
NVVEW,,,
TBSAU,,,
UPC,,,
ACVA,,,
AENT,,,
DOCN,,,
EEIQ,,,
NXDR,,,
SCHW-P-J,,,
SEMR,,,
UHGWW,,,
CRCT,,,
LVTX,,,
OLK,,,
SATLW,,,
AENTW,,,
ALHC,,,
BTX,,,
DSGN,,,
EWTX,,,
IMA,,,
SATL,,,
STEC,,,
TDUP,,,
TMAC,,,
ZH,,,
ECCW,,,
NXU,,,
UHG,,,
RILYK,,,
ACHL,,,
COUR,,,
PSFE-WS,,,
BBLN,,,
COMP,,,
CPTK,,,
EM,,,
KARO,,,
ULCC,,,
APGB,,,
CMPX,,,
CVII,,,
CVIIW,,,
INVZ,,,
MDAIW,,,
SBIGW,,,
TSIB,,,
XFLT-P-A,,,
APGB-WS,,,
ARQQW,,,
INVZW,,,
MDAI,,,
PIII,,,
TSIBW,,,
WTO,,,
HTFB,,,
PIIIW,,,
VECT,,,
SPTK,,,
SPTKW,,,
AEON,,,
XOMAO,,,
GMGT,,,
MLGO,,,
ALKT,,,
ASPC,,,
COIN,,,
RUM,,,
TCVA,,,
AGL,,,
APP,,,
KRT,,,
AKYA,,,
BEPH,,,
BMEA,,,
GBRG,,,
RXRX,,,
SDAWW,,,
SLGCW,,,
DNA,,,
FSNB,,,
LOCL,,,
SPWR,,,
SPWRW,,,
VELO,,,
IFBD,,,
DV,,,
GENI,,,
KKRS,,,
PATH,,,
SKYT,,,
IAUX,,,
NDACW,,,
NPCE,,,
RGTI,,,
RGTIW,,,
BNAIW,,,
COCHW,,,
FGBIP,,,
FTAAW,,,
LUCK,,,
NDAC,,,
OCCIO,,,
OHPAW,,,
SLGC,,,
SWIM,,,
TMCI,,,
AILE,,,
DAVE,,,
KREF-P-A,,,
OHPA,,,
PL,,,
SOUNW,,,
PTIXW,,,
RF-P-E,,,
AVAH,,,
BTMD,,,
DAVEW,,,
DHCA,,,
FTAA,,,
FTCI,,,
GLBLW,,,
NPCT,,,
NYXH,,,
PRVA,,,
COCH,,,
FHN-P-F,,,
AMAOW,,,
AURC,,,
BRNS,,,
COF-P-L,,,
HOWL,,,
BRCC,,,
ROSS,,,
ROSS-WS,,,
VAL-WS,,,
ACP-P-A,,,
FSBC,,,
FYBR,,,
HNST,,,
AMAO,,,
BRW,,,
BW-P-A,,,
VALN,,,
LCAA,,,
LFT-P-A,,,
PLMI,,,
PLMIW,,,
ANEB,,,
BSLK,,,
BWMN,,,
FTPA,,,
FTPAW,,,
HROWL,,,
PEB-P-G,,,
TRML,,,
WDH,,,
XBPEW,,,
ZEV-WS,,,
AISP,,,
AISPW,,,
AUR,,,
AUROW,,,
LGV-WS,,,
BETRW,,,
FLGC,,,
LCAAW,,,
WALDW,,,
GLBE,,,
IPW,,,
SHO-P-H,,,
SMWB,,,
WALD,,,
AONCW,,,
GROV,,,
JPM-P-L,,,
DBGI,,,
DBGIW,,,
DTSTW,,,
EJH,,,
OGN,,,
VERA,,,
ACR-P-D,,,
SLDPW,,,
ATCOL,,,
CPARU,,,
JZXN,,,
SLDP,,,
TBSAW,,,
CGABL,,,
GIWWU,,,
GPOR,,,
RAMMU,,,
OTLY,,,
OWL-WS,,,
PCOR,,,
AGM-P-G,,,
OXSQG,,,
POWWP,,,
BEEP,,,
VMEO,,,
ABR-P-D,,,
BIPH,,,
FLYW,,,
NBXG,,,
PAY,,,
SNTI,,,
UZF,,,
ZIP,,,
DAWN,,,
FCRX,,,
FIGS,,,
QIPT,,,
CNTA,,,
NXPLW,,,
HGTY,,,
BARK-WS,,,
ACGLN,,,
DLO,,,
IRS-WS,,,
BSLKW,,,
RC-P-E,,,
PSA-P-P,,,
TRTX-P-C,,,
BOH-P-A,,,
CLBR-U,,,
MQ,,,
NE,,,
TBSA,,,
DIBS,,,
HBANM,,,
INDI,,,
LFST,,,
MNDY,,,
NAUT,,,
ZETA,,,
BZ,,,
ECCC,,,
JANX,,,
LITTU,,,
SQFTP,,,
TASK,,,
ATLCP,,,
ALZN,,,
TPTA,,,
MOLN,,,
ZTAQU,,,
AOMR,,,
ISPC,,,
LYEL,,,
PRIF-P-I,,,
ATAI,,,
FEMY,,,
IPSC,,,
JUGGU,,,
NEXN,,,
RERE,,,
GL-P-D,,,
DBRG-P-H,,,
DBRG-P-I,,,
DBRG-P-J,,,
GOODO,,,
YMM,,,
CXM,,,
FA,,,
CFLT,,,
DOCS,,,
GECCO,,,
GLUE,,,
NEUE,,,
ONMDW,,,
UPXI,,,
ACXP,,,
CLDT-P-A,,,
CMS-P-C,,,
CRESW,,,
GHRS,,,
LENZ,,,
MCW,,,
PAYO,,,
TKNO,,,
WDI,,,
BNT,,,
SAIH,,,
SAIHW,,,
CTO-P-A,,,
DDL,,,
SPNT-P-B,,,
ADAML,,,
CDZIP,,,
CPOP,,,
CVRX,,,
DNAB,,,
DNAD,,,
IAS,,,
INTA,,,
JBIO,,,
LZ,,,
NIXXW,,,
S,,,
TBLA,,,
XMTR,,,
YOU,,,
ABOS,,,
CURV,,,
DNUT,,,
DTM,,,
EVCM,,,
FICVU,,,
HEPS,,,
HTZ,,,
HTZWW,,,
VRAR,,,
WAVE,,,
SACH-P-A,,,
PSQH,,,
PSQH-WS,,,
AGRI,,,
FREY-WS,,,
MITQ,,,
OKLO,,,
RNAZ,,,
SNTG,,,
TE,,,
GLTA-U,,,
GIW,,,
GIWWW,,,
TEWS,,,
UNCY,,,
PSEC-P-A,,,
IINN,,,
IINNW,,,
MKFG-WS,,,
PBBK,,,
PECO,,,
RNR-P-G,,,
RPID,,,
SERA,,,
SGHT,,,
SHCO,,,
BLFY,,,
BLND,,,
ERAS,,,
RGC,,,
STVN,,,
TCBS,,,
TCRX,,,
TWCBU,,,
FLYX,,,
HLLY-WS,,,
NABL,,,
HCWB,,,
SHO-P-I,,,
KLTR,,,
LAW,,,
OPFI-WS,,,
TCBC,,,
VEEE,,,
VSCO,,,
VTEX,,,
WFC-P-D,,,
ABSI,,,
BASE,,,
CNM,,,
GXO,,,
RYAN,,,
ZENV,,,
ZVIA,,,
CRBU,,,
CTKB,,,
GAMB,,,
MGRD,,,
PEB-P-H,,,
REE,,,
SOPH,,,
TEAD,,,
USCB,,,
XPOF,,,
BPYPM,,,
CADL,,,
COF-P-N,,,
MLNK,,,
DUOL,,,
SF-P-D,,,
TBLD,,,
COOK,,,
HOOD,,,
NUVL,,,
REUN,,,
RLYB,,,
RSKD,,,
DOLE,,,
IMRX,,,
INAB,,,
RANI,,,
RXST,,,
TNYA,,,
CCCS,,,
ECVT,,,
HIPO,,,
STGW,,,
BWCAU,,,
JPM-P-M,,,
KITT,,,
KITTW,,,
ABR-P-E,,,
AMBP,,,
AMBP-WS,,,
EWCZ,,,
HOLOW,,,
INN-P-F,,,
IVVD,,,
NOVVU,,,
NPWR,,,
PRIF-P-J,,,
RILYZ,,,
CLYM,,,
CPAAU,,,
LSBPW,,,
TDS-P-V,,,
JOBY-WS,,,
JUGG,,,
JUGGW,,,
LITTW,,,
OXLCO,,,
PONOU,,,
TRON,,,
LITT,,,
SRZNW,,,
SSBK,,,
TRTN-P-E,,,
APMIU,,,
CNOBP,,,
DRMA,,,
DRMAW,,,
MOBXW,,,
MYSE,,,
MYSEW,,,
CMND,,,
OTMO,,,
OTMOW,,,
PMT-P-C,,,
BERZ,,,
BULZ,,,
BWBBP,,,
EOCW,,,
GAINZ,,,
PSA-P-Q,,,
MIMO-WS-A,,,
MIMO-WS-B,,,
MIMO-WS-C,,,
SHFS,,,
SHFSW,,,
SLNHP,,,
XOS,,,
DFLIW,,,
FATBB,,,
RKLB,,,
CCAIU,,,
DRAY,,,
EFTR,,,
HUMA,,,
RNXT,,,
ATLN,,,
BRAG,,,
VBNK,,,
FICV,,,
GLTA,,,
SPRC,,,
CLBT,,,
DDI,,,
JXN,,,
RDW,,,
OXUSU,,,
RCOR-WS,,,
RDW-WS,,,
TYGO,,,
WHLRL,,,
ZURA,,,
ARQQ,,,
FAASW,,,
VFS,,,
ADC-P-A,,,
BKSY-WS,,,
FICVW,,,
SLVRU,,,
TMC,,,
PTEST-A,,,
TWCB,,,
TWCBW,,,
ESLA,,,
ESLAW,,,
GREE,,,
SRAD,,,
BROS,,,
CIIGU,,,
DH,,,
DICE,,,
IFED,,,
KTTA,,,
KTTAW,,,
MDV-P-A,,,
NXXT,,,
ONON,,,
PRCT,,,
RITM-P-D,,,
TWKS,,,
TYRA,,,
ACT,,,
ACHR-WS,,,
MTAL,,,
RBOT-WS,,,
WAL-P-A,,,
AKA,,,
ARGUU,,,
FRSH,,,
TOST,,,
ARBK,,,
BRLT,,,
ICR-P-A,,,
ML-WS,,,
RELY,,,
SLVM,,,
THRN,,,
VNO-P-O,,,
CWAN,,,
DSAQ-U,,,
JSPR,,,
LNZA,,,
PDYN,,,
AMPL,,,
ECAT,,,
GFAIW,,,
MEKA,,,
WRBY,,,
ARTEU,,,
BHIL-WS,,,
CPAA,,,
DJT,,,
HPLTU,,,
NOVVR,,,
OABIW,,,
OLPX,,,
TFPM,,,
VLD-WS,,,
VLN-WS,,,
FWRG,,,
GATEU,,,
IONQ-WS,,,
KORE,,,
NOVV,,,
NOVVW,,,
NTRBW,,,
ROIV,,,
VCXAW,,,
VLN,,,
KCGI-WS,,,
NHPBP,,,
VGAS,,,
VGASW,,,
WBX,,,
XPVVV,,,
ABR-P-F,,,
CION,,,
GDV-P-K,,,
GIPR,,,
GIPRW,,,
LFMDP,,,
PRIF-P-K,,,
RNERU,,,
VCXA,,,
AVACU,,,
BRLS,,,
BRLSW,,,
NFYS-U,,,
VLCN,,,
LTH,,,
ARBE,,,
ARBEW,,,
CCSI,,,
CGTX,,,
ISO,,,
JMACU,,,
LCW-U,,,
PYXS,,,
SAMAU,,,
GWH-WS,,,
GIACU,,,
AVDX,,,
BBLGW,,,
CLST,,,
HCTI,,,
BMAC-U,,,
GREEL,,,
GTLB,,,
IHS,,,
LUCD,,,
INKT,,,
BKKT-WS,,,
MEOA,,,
MEOAW,,,
BMAQU,,,
EICA,,,
FBRT,,,
FBRT-P-E,,,
ASTL,,,
ASTLW,,,
BAC-P-Q,,,
CNTX,,,
CYN,,,
WWACU,,,
COCO,,,
NHICU,,,
PTLO,,,
PX,,,
RWAY,,,
THACU,,,
VTYX,,,
ARIS,,,
GET,,,
ICNC-U,,,
KD,,,
XLO,,,
AMODW,,,
HNNAZ,,,
AMOD,,,
AIP,,,
INFA,,,
MEGI,,,
RENT,,,
ADALU,,,
BXSL,,,
FLNC,,,
GFS,,,
NN,,,
OFSSH,,,
PCCTU,,,
SBDS,,,
SCMAU,,,
AIRS,,,
ARCKU,,,
AURA,,,
BFRI,,,
BFRIW,,,
CADE-P-A,,,
NNAVW,,,
OZKAP,,,
SEDA-U,,,
TRDA,,,
UDMY,,,
CLDI,,,
FLAG-WS,,,
LVRO,,,
CBL,,,
LVROW,,,
BIRD,,,
CMTG,,,
FRLAU,,,
MLAIU,,,
ARHS,,,
CDRE,,,
LIONU,,,
MDXH,,,
MPRAU,,,
NRDS,,,
SHCAU,,,
TOACU,,,
DCGO,,,
IOBT,,,
MYNZ,,,
SVNAU,,,
AEHA,,,
NXDT,,,
NXDT-P-A,,,
SANG,,,
FOSLL,,,
GVCIU,,,
PRM,,,
SOPA,,,
SWAG,,,
SWAGW,,,
TCBX,,,
BJDX,,,
CINT,,,
EXFY,,,
PSA-P-R,,,
RIVN,,,
BEAT,,,
BEATW,,,
BHFAM,,,
BLZE,,,
CRGOW,,,
EFSCP,,,
EMBKW,,,
LVLU,,,
RCFA-U,,,
TIVC,,,
WEAV,,,
ARGUW,,,
BMAC,,,
BMAC-WS,,,
BTBD,,,
BTBDW,,,
DERM,,,
HPP-P-C,,,
ARGU,,,
DGHI,,,
ONL,,,
TOI,,,
MSAI,,,
MSAIW,,,
OPP-P-B,,,
PFXNZ,,,
BRZE,,,
CRGO,,,
IREN,,,
LUNR,,,
ADAMZ,,,
ARBKL,,,
SG,,,
ALORU,,,
FINW,,,
LITM,,,
TSAT,,,
ZINGU,,,
ECC-P-D,,,
GATE,,,
GATEW,,,
NMAI,,,
ARTE,,,
ATLCL,,,
GPMT-P-A,,,
GUG,,,
APLM,,,
APLMW,,,
CEROW,,,
DTG,,,
HPLT,,,
HPLTW,,,
OP,,,
CDRO,,,
PACI-U,,,
ROCAU,,,
TRUG,,,
UTAAU,,,
BIOSU,,,
HGTY-WS,,,
IMPPP,,,
OCCIN,,,
RILYG,,,
IMPP,,,
SMXWW,,,
BBAI-WS,,,
CING,,,
CINGW,,,
CRGY,,,
PL-WS,,,
REFI,,,
HORIU,,,
NRSN,,,
NRSNW,,,
NU,,,
PEPLW,,,
SMX,,,
FRBNU,,,
ZEOWW,,,
AMZE,,,
BEPI,,,
EFC-P-B,,,
EUDA,,,
EUDAW,,,
SIDU,,,
AHRNU,,,
EVTL,,,
GNTA,,,
IOT,,,
IVCPU,,,
EVTL-WS,,,
IMMX,,,
NPFD,,,
ZEO,,,
BBAI,,,
BWNB,,,
LVACW,,,
SSSSL,,,
ARCK,,,
ARCKW,,,
ZGN,,,
AERTW,,,
ALLR,,,
GRBK-P-A,,,
LSPRU,,,
LVAC,,,
NXGL,,,
NXGLW,,,
SCCD,,,
SCMAW,,,
SLND-WS,,,
ADSE,,,
SLND,,,
ADALW,,,
FRLA,,,
FRLAW,,,
GCTSW,,,
IQMDW,,,
PCCT,,,
PRDS,,,
SCMA,,,
SEDA-WS,,,
ADAL,,,
MPRA,,,
MPRAW,,,
ROC,,,
DOUG,,,
GVCIW,,,
VSEE,,,
VSEEW,,,
GVCI,,,
TVGNW,,,
VMGA,,,
VMGAW,,,
APCXW,,,
FCNCO,,,
PSA-P-S,,,
AMLX,,,
HOUR,,,
ENCP,,,
FXCO,,,
FXCOW,,,
IFIN-WS,,,
LFACW,,,
ALORW,,,
FXCOR,,,
THAR,,,
ALOR,,,
CFSB,,,
DMA,,,
RDZNW,,,
TPG,,,
CDIO,,,
CDIOW,,,
OXLCZ,,,
TKLF,,,
NSTS,,,
DUETU,,,
SOAR,,,
SQFTW,,,
FGI,,,
FGIWW,,,
UTAA,,,
BIPI,,,
ECCV,,,
SKYH-WS,,,
CRDO,,,
KSCP,,,
PAXS,,,
SPE-P-C,,,
BAC-P-S,,,
SGHC,,,
SST-WS,,,
ANGX,,,
BZAI,,,
XPDBW,,,
BZAIW,,,
FRBN,,,
FRBNW,,,
XPDB,,,
CEG,,,
MTEK,,,
MTEKW,,,
NVX,,,
WBS-P-G,,,
ANGH,,,
CCLDO,,,
GRNA,,,
USB-P-S,,,
ACLX,,,
LIEN,,,
NVCT,,,
AREBW,,,
HTCR,,,
BNCWW,,,
DRCT,,,
MDV,,,
RMMZ,,,
ANNAW,,,
NRGV,,,
GENQU,,,
SBFMW,,,
MHUA,,,
ONBPO,,,
ONBPP,,,
PARAP,,,
ONCO,,,
ANNA,,,
PRIF-P-L,,,
RLTY,,,
ZIMV,,,
VCXB-WS,,,
ABPWW,,,
BBUC,,,
LBBBU,,,
SCCE,,,
DUETW,,,
KMPB,,,
MRNOW,,,
AKAN,,,
FEAM,,,
MRNO,,,
DUET,,,
GDSTU,,,
DHAI,,,
DHAIW,,,
ALLG-WS,,,
ANTX,,,
AXAC-R,,,
LCFY,,,
LCFYW,,,
TGR-WS,,,
ESAB,,,
MURFW,,,
RVSN,,,
RVSNW,,,
SWVL,,,
EMBC,,,
FRMEP,,,
IVDAW,,,
SWVLW,,,
XPON,,,
MTB-P-H,,,
STEW,,,
DC,,,
EONRWS,,,
EONR,,,
ASBP,,,
ASBPW,,,
GNS,,,
EE,,,
GDST,,,
GDSTR,,,
GDSTW,,,
LBBB,,,
LBBBR,,,
LBBBW,,,
STSS,,,
STSSW,,,
CLINW,,,
GSRMW,,,
GSRM,,,
ACON,,,
ACONW,,,
JCSE,,,
OST,,,
TNON,,,
SOUN,,,
BLTE,,,
HLVX,,,
WENA,,,
WENAW,,,
SAT,,,
SMR-WS,,,
AUST,,,
RIV-P-A,,,
EDBL,,,
EDBLW,,,
BLCO,,,
PEPG,,,
EVEX-WS,,,
HNVR,,,
MCACU,,,
SCCF,,,
ACDC,,,
ASNS,,,
GV,,,
OKYO,,,
PRE,,,
PRENW,,,
BNRG,,,
MSPRW,,,
RJF-P-B,,,
NYAX,,,
SVRE,,,
SVREW,,,
AULT-P-D,,,
AFRI,,,
AFRIW,,,
HSCS,,,
HSCSW,,,
ALVO,,,
ALVOW,,,
GBBKW,,,
GEGGL,,,
IPX,,,
FLYD,,,
FLYU,,,
GSUN,,,
INTR,,,
PGY,,,
PGYWW,,,
PSNY,,,
PSNYW,,,
HTFC,,,
IE,,,
IONR,,,
ORBS,,,
EHAB,,,
MCACR,,,
MCACW,,,
USEA,,,
MNMD,,,
NA,,,
PROK,,,
ILAG,,,
NCPLW,,,
GRRR,,,
GRRRW,,,
HKD,,,
FIP,,,
VRAX,,,
HLN,,,
OPAL,,,
POL-WS,,,
ECBK,,,
MAIA,,,
MS-P-P,,,
NEOVW,,,
NOTE-WS,,,
RWAYL,,,
MEGL,,,
PTWOU,,,
QBTS,,,
QBTS-WS,,,
AIMDW,,,
HMACU,,,
TGL,,,
REBN,,,
LUCY,,,
LUCYW,,,
RBT-WS,,,
GRFX,,,
GCT,,,
KEY-P-L,,,
MSBIP,,,
STBX,,,
MOB,,,
MOBBW,,,
SCCG,,,
F-P-D,,,
JFBR,,,
JFBRW,,,
JZ,,,
ONFO,,,
ONFOW,,,
WEST,,,
DC-WS,,,
SHPH,,,
BIAF,,,
BIAFW,,,
AGNCL,,,
HLLY,,,
VSTD,,,
ABLV,,,
HMAC,,,
HMACR,,,
HMACW,,,
WLDS,,,
WLDSW,,,
THRD,,,
AMPX,,,
CRBG,,,
NXL,,,
NXLIW,,,
HOLO,,,
RUMBW,,,
XPER,,,
STRW,,,
HYMCW,,,
BHVN,,,
MBINM,,,
FLJ,,,
LVWR,,,
RBCP,,,
SBCWW,,,
LVWR-WS,,,
ALPS,,,
BHM,,,
THCH,,,
DMYY-U,,,
LASE,,,
MPTI,,,
DFLI,,,
RZC,,,
SVIIU,,,
SDRL,,,
GSDWW,,,
PRME,,,
RVYL,,,
HSHP,,,
MBLY,,,
BMN,,,
RXO,,,
ICU,,,
SATX,,,
SATX-WS-A,,,
SVII,,,
SVIIR,,,
SVIIW,,,
PERF-WS,,,
NXG,,,
OABI,,,
SAJ,,,
ASPI,,,
SNAL,,,
UHAL-B,,,
AIIO,,,
ATAT,,,
FSCO,,,
MPACW,,,
ACRV,,,
LNC-P-D,,,
GRND-WS,,,
FG,,,
FG-W,,,
NAMS,,,
NAMSW,,,
DMYY-WS,,,
DRS,,,
BAM,,,
BN-W,,,
ATH-P-E,,,
DMYY,,,
KWESW,,,
CTOR,,,
ECDA,,,
RWAYZ,,,
GETR-WS,,,
MBC,,,
MBC-W,,,
BNH,,,
GTLS-P-B,,,
ZVSA,,,
ECDAW,,,
RAYA,,,
GEHCV,,,
HTCO,,,
SAY,,,
ATMVU,,,
MRDB-WS,,,
ECX,,,
ECXWW,,,
HROWM,,,
HSPOU,,,
PACWP,,,
FWP,,,
COYA,,,
ATMCU,,,
ALTI,,,
CLVS,,,
MLEC,,,
MLECW,,,
QTNT,,,
ALTIW,,,
GEHC,,,
RSF-R-W,,,
VTS,,,
VTS-W,,,
RWT-P-A,,,
RSF-R,,,
ISRLU,,,
SKWD,,,
ATMC,,,
ATMCR,,,
ATMCW,,,
CVKD,,,
KIO-R-W,,,
TCDA,,,
KIO-R,,,
ATMV,,,
ATMVR,,,
QSG,,,
GNLX,,,
HSPO,,,
HSPOR,,,
HSPOW,,,
BREA,,,
TXO,,,
ASST,,,
EFC-P-C,,,
GPCR,,,
LICN,,,
HSAI,,,
NXT,,,
NXT(EXP20091224),,,
ENLT,,,
LNZAW,,,
MLYS,,,
BFRG,,,
BFRGW,,,
OUST-WS-A,,,
DISTU,,,
GXAI,,,
AMPX-WS,,,
RCKTW,,,
BMR,,,
HUBC,,,
ISRL,,,
ISRLW,,,
GRNT-WS,,,
HUBCW,,,
OCS,,,
AMBI,,,
ASBA,,,
CTRMV,,,
HUBCZ,,,
OCSAW,,,
TORO,,,
TOROV,,,
AMBI-WS,,,
HBANL,,,
INPXV,,,
AESI,,,
AIXI,,,
IGR-R-W,,,
TMDI,,,
LMND-WS,,,
PLM-R-W,,,
IGR-R,,,
IZM,,,
FTAIM,,,
ICG,,,
LSB,,,
CLCO,,,
FORLU,,,
OSRH,,,
OSRHW,,,
MGRX,,,
NIOBW,,,
OMH,,,
JXN-P-A,,,
BANL,,,
OAKUU,,,
STHOV,,,
ZJYL,,,
CR,,,
CR-W,,,
CXT-W,,,
HLP,,,
TBMCU,,,
CHSN,,,
HKIT,,,
SFWL,,,
STHO,,,
SYT,,,
MWG,,,
PTHR,,,
PTHRW,,,
SHLT,,,
ISPR,,,
MGIH,,,
ARBB,,,
GDHG,,,
BTDR,,,
VCIG,,,
GDTC,,,
MSGE,,,
SPHR-W,,,
TPET,,,
WAI,,,
UCAR,,,
USGO,,,
USGOW,,,
WLGS,,,
AACT-U,,,
JYD,,,
SAZ,,,
TRNR,,,
GODNU,,,
KVUE,,,
SLRN,,,
ALCYU,,,
EVLVW,,,
SUUN,,,
FORLW,,,
TBMC,,,
TBMCR,,,
ALL-P-J,,,
CWD,,,
SDA,,,
MGRM,,,
OAKU,,,
OAKUR,,,
OAKUW,,,
FRES,,,
LAESV,,,
WKEYV,,,
LAES,,,
IPXXU,,,
KNF-W,,,
MDU-W,,,
ATMU,,,
CBUS,,,
CJET,,,
KNF,,,
GAINL,,,
BENF,,,
BENFW,,,
LANDP,,,
NPWR-WS,,,
AACT,,,
AACT-WS,,,
CISSV,,,
IMPPV,,,
CAVA,,,
CSWCZ,,,
TNONW,,,
AZTR,,,
BOF,,,
METBV,,,
METCB,,,
METCV,,,
JETD,,,
JETU,,,
LH-W,,,
CISS,,,
ALCY,,,
ALCYW,,,
BWA-W,,,
CARD,,,
CARU,,,
GENK,,,
GODN,,,
GODNR,,,
PHIN,,,
PHIN-W,,,
FIHL,,,
KGS,,,
NE-WS,,,
NE-WS-A,,,
PHXM,,,
SVV,,,
INTS,,,
VTMX,,,
BTM,,,
BTMWW,,,
FTRE,,,
ABLLW,,,
LZM,,,
LZM-WS,,,
PWM,,,
MRT-WS,,,
BOWNU,,,
SXTP,,,
SXTPW,,,
APGE,,,
NETDU,,,
SGMT,,,
CTCXW,,,
USAR,,,
USARW,,,
ODD,,,
ESHA,,,
ESHAR,,,
AEON-WS,,,
DFDV,,,
ELWS,,,
KVACU,,,
HYAC-U,,,
PRZO,,,
SRFM,,,
EICB,,,
SN,,,
CTNT,,,
ELIQ-WS,,,
HRYU,,,
PXDT,,,
ALUR,,,
ALUR-WS,,,
MIRA,,,
ESGLW,,,
LLYVA,,,
LLYVK,,,
FTEL,,,
NRXS,,,
JTAI,,,
TLSI,,,
YHC,,,
TLSIW,,,
ECO,,,
KVUE-W,,,
NWTG,,,
SRM,,,
VFSWW,,,
APO-P-A,,,
BOWN,,,
BOWNR,,,
DFFN,,,
GECCZ,,,
LGVNV,,,
SEZL,,,
ABLVW,,,
AMRS,,,
GLADZ,,,
BUJA,,,
JNJ-WD,,,
REGCP,,,
FMSTW,,,
REGCO,,,
EXTO-W,,,
BETR,,,
WHFCL,,,
APOS,,,
CNFRZ,,,
IVP,,,
NEWTI,,,
NETD,,,
NETDW,,,
SWIN,,,
PODC,,,
DNTH,,,
GNL-P-D,,,
NWGL,,,
TKO,,,
CLDI-WS,,,
GNL-P-E,,,
SPPL,,,
ARM,,,
NMRA,,,
HYAC,,,
HYAC-WS,,,
KVAC,,,
KVACW,,,
SHOTW,,,
CCG,,,
CCGWW,,,
MI,,,
CART,,,
DTCK,,,
SGBXV,,,
SGD,,,
SGDVV,,,
KVYO,,,
SRBK,,,
ABAT,,,
GFR,,,
MDBH,,,
RDZN,,,
TURB,,,
CDT,,,
CDTTW,,,
ARMK-W,,,
K-W,,,
KLG,,,
KLG-W,,,
LRE,,,
VLTO-W,,,
VSME,,,
VSTS,,,
VSTS-W,,,
PMTU,,,
ANL,,,
NVNI,,,
SYRA,,,
LAAC-W,,,
LAC,,,
LAC-W,,,
NVNIW,,,
VLTO,,,
LAR,,,
SWKHL,,,
MSS,,,
FBYD,,,
FBYDW,,,
QETAU,,,
SPKLU,,,
GMM,,,
LRHC,,,
PMEC,,,
BIRK,,,
NATL-W,,,
VYX-W,,,
LSEAW,,,
MNY,,,
MNYWW,,,
NTBL,,,
NCL,,,
ULY,,,
WBUY,,,
ABVX,,,
CPBI,,,
AIRE,,,
MNR,,,
CCIA,,,
NLOP,,,
NLOP-W,,,
WPC-W,,,
ATGL,,,
BFX,,,
ENGN,,,
ENGNW,,,
PAPL,,,
ROI,,,
ET-P-I,,,
CAUD,,,
CREV,,,
CREVW,,,
LXEO,,,
KRRO,,,
RMCO,,,
RMCOW,,,
GVH,,,
ONMD,,,
OPTX,,,
OPTXW,,,
ANSCU,,,
CRGX,,,
HG,,,
ALKSV,,,
SGN,,,
SHIM,,,
CAPT,,,
CAPTW,,,
MURA,,,
ODVWZ,,,
RR,,,
RVMDW,,,
SRV-R-W,,,
BNRE-A,,,
ELAB,,,
CGBDL,,,
SRV-R,,,
ABLLL,,,
NMFCZ,,,
SPKL,,,
SPKLW,,,
WOR-W,,,
WS,,,
WS-W,,,
XBP,,,
FEBO,,,
IXHL,,,
QETA,,,
QETAR,,,
BANC-P-F,,,
GSIW,,,
AFJKU,,,
SOAR-WS,,,
FGN,,,
DSX-WS,,,
EFC-P-D,,,
INHD,,,
BAYAU,,,
ZKH,,,
DEC,,,
CDLR,,,
CDLR-W,,,
LGCB,,,
MFICL,,,
MOBX,,,
NUKK,,,
NUKKW,,,
IROHU,,,
FLYX-WS,,,
NBBK,,,
BAYA,,,
BAYAR,,,
ELPC,,,
KIM-P-N,,,
PNST-WS,,,
ANSC,,,
ANSCW,,,
HWH,,,
SCPX,,,
ROMA,,,
BTCW,,,
CLBR,,,
CLBR-WS,,,
EZBC,,,
HODL,,,
SDHC,,,
CSTA,,,
CSTA-U,,,
CSTA-WS,,,
SYNX,,,
HOVR,,,
HOVRW,,,
CCTG,,,
PSBD,,,
JVSAU,,,
KSPI,,,
AFJK,,,
AFJKR,,,
CORZ,,,
CORZW,,,
CORZZ,,,
JL,,,
MFAN,,,
MSDL,,,
SUGP,,,
CGON,,,
NCDL,,,
PBM,,,
YIBO,,,
AMJB,,,
AVBP,,,
BTSG,,,
BTSGU,,,
HAO,,,
PBMWW,,,
AMIX,,,
ATLCZ,,,
FBLG,,,
AS,,,
ANRO,,,
GUTS,,,
RWTN,,,
STI,,,
LEGT-U,,,
MITN,,,
AHR,,,
KYTX,,,
PMNT,,,
MGX,,,
TBBB,,,
TELO,,,
SBET,,,
UMAC,,,
CERO,,,
SOC,,,
SOC-WS,,,
TVGN,,,
IROH,,,
IROHR,,,
IROHW,,,
PTHS,,,
SELX,,,
DYCQU,,,
LOT,,,
VHAI,,,
LOTWW,,,
VHAI-WS-A,,,
VHAI-WS-B,,,
AMEH,,,
MCOM,,,
CENN,,,
CRML,,,
SMXT,,,
CRMLW,,,
FUFU,,,
FUFUW,,,
BODI,,,
LGCL,,,
TPGXL,,,
RYDE,,,
SERV,,,
JVSA,,,
JVSAR,,,
VATE-R,,,
NMHIW,,,
XTIA,,,
BNAI,,,
AIRJ,,,
AIRJW,,,
ATHS,,,
ALAB,,,
CTOS,,,
INTJ,,,
BKHAU,,,
COOT,,,
LOBO,,,
RDDT,,,
AUNA,,,
DJTWW,,,
DXYZ,,,
MMM-W,,,
SOLV,,,
SOLV-W,,,
BCG,,,
BEPJ,,,
GCTS,,,
GCTS-WS,,,
GEV,,,
GEV-W,,,
MGRE,,,
TRINZ,,,
BCGWW,,,
BOLD,,,
LEGT,,,
LEGT-WS,,,
LPA,,,
MMA,,,
UBXG,,,
FAAS,,,
MAMO,,,
ZBAO,,,
NIVF,,,
NIVFW,,,
CTNM,,,
ZOOZ,,,
ZOOZW,,,
MNDR,,,
PACS,,,
DYCQ,,,
DYCQR,,,
ULS,,,
TWG,,,
IFN-R-W,,,
SUPX,,,
XLYO,,,
CDTG,,,
CTRI,,,
GECCI,,,
IBTA,,,
MTEN,,,
TRSG,,,
IFN-R,,,
MFI,,,
YYGH,,,
NCI,,,
MFAO,,,
LOAR,,,
MRX,,,
RBRK,,,
ZONE,,,
IBAC,,,
IBACR,,,
SHMD,,,
SHMDW,,,
VIK,,,
CCIXU,,,
NNE,,,
GPATU,,,
PAL,,,
SVCO,,,
ZK,,,
BKHA,,,
BKHAR,,,
BTOC,,,
MKZR,,,
JDZG,,,
RAY,,,
HDL,,,
RFAIU,,,
MITP,,,
KBDC,,,
BOW,,,
CIMN,,,
INBXV,,,
INBX,,,
INXBV,,,
XHG,,,
BIPJ,,,
NAKA,,,
NAKAW,,,
NEWTG,,,
SLVO,,,
USOI,,,
DSY,,,
FLYE,,,
GAUZ,,,
LIF,,,
CHEB-U,,,
DSYWW,,,
RAPP,,,
SIFYR,,,
WAY,,,
ALFUU,,,
GRALV,,,
PCSC,,,
SPMC,,,
TEM,,,
CUBWU,,,
FSHPU,,,
ILMNV,,,
MACIU,,,
AVRO,,,
CCIX,,,
CCIXW,,,
RECT,,,
VZLA,,,
NXG-R,,,
GRAL,,,
RWTO,,,
BURU,,,
GRAF-U,,,
NEE-P-S,,,
TBN,,,
WBTN,,,
ALMS,,,
LB,,,
LSH,,,
ABVE,,,
ABVEW,,,
ADAMI,,,
GPAT,,,
GPATW,,,
TOYO,,,
DCOMG,,,
EHGO,,,
EURKU,,,
GGT-R-W,,,
RFAI,,,
RFAIR,,,
SDST,,,
SW,,,
OXLCI,,,
SUNSV,,,
CGBS,,,
CGBSW,,,
SIMAU,,,
ICON,,,
LPAAU,,,
MACI,,,
MACIW,,,
ARDT,,,
PDCC,,,
TWFG,,,
ARTV,,,
PSIG,,,
QMMM,,,
TRINI,,,
ETH,,,
ZDAI,,,
BLMZ,,,
NVA,,,
NVAWW,,,
OS,,,
CON,,,
DTSQU,,,
LINE,,,
ORKT,,,
NIPG,,,
SEG-W,,,
UCBI,,,
WYTC,,,
HHH-W,,,
MKDW,,,
NSA-P-B,,,
AAM-U,,,
ADGM,,,
ALF,,,
ALFUW,,,
AOMN,,,
FDSB,,,
MBAVU,,,
MKDWW,,,
OSTX,,,
SMC,,,
HPAI,,,
HPAIW,,,
EQV-U,,,
CUB,,,
CUBWW,,,
VACHU,,,
BGM,,,
RETO,,,
ACTU,,,
CEP,,,
FSHP,,,
FSHPR,,,
GRAF,,,
GRAF-WS,,,
HONDU,,,
RZLV,,,
RZLVW,,,
SBXD-U,,,
SLXN,,,
SLXNW,,,
YXT,,,
CIMO,,,
RITR,,,
WOK,,,
CCEC,,,
JBDI,,,
AZI,,,
SPAI,,,
GIGGU,,,
NUVO,,,
SIMA,,,
SIMAW,,,
CURR,,,
LPAA,,,
LPAAW,,,
PMAX,,,
PTHL,,,
EHI-R-W,,,
POLEU,,,
VCICU,,,
GPUS,,,
CHR,,,
GPUS-P-D,,,
TDTH,,,
XCH,,,
GIG,,,
GIGGW,,,
EHI-R,,,
EURK,,,
EURKR,,,
FVNNU,,,
GLXG,,,
BCAX,,,
MBX,,,
ZBIO,,,
AAM,,,
AAM-WS,,,
DTSQ,,,
DTSQR,,,
HCWC,,,
KAPA,,,
KLTO,,,
KLTOW,,,
NEWTH,,,
VEEA,,,
VEEAW,,,
EONR-WS,,,
SBC,,,
YHNAU,,,
AVK-R-W,,,
CAPNU,,,
GLE,,,
SEG-R-W,,,
AVK-R,,,
MBAV,,,
MBAVW,,,
AMTM,,,
AMTM-W,,,
SEG-R,,,
PC,,,
BIOA,,,
BKV,,,
CURB,,,
CURB-W,,,
GECCH,,,
GRDN,,,
IBG,,,
J-W,,,
JW,,,
LGCY,,,
SITC-W,,,
DUO,,,
EQV,,,
EQV-WS,,,
FOXX,,,
FOXXW,,,
VACH,,,
VACHW,,,
ZJK,,,
BDMD,,,
HTLM,,,
ZENA,,,
BDMDW,,,
FVR,,,
SARO,,,
WCT,,,
INV,,,
CBNA,,,
FLX,,,
MYPSW,,,
OKUR,,,
SBXD,,,
GRCE,,,
LPBBU,,,
SBXD-WS,,,
SKK,,,
CICB,,,
CLIK,,,
KLC,,,
MPU,,,
HOND,,,
HONDW,,,
SKYQ,,,
CAMP,,,
CBLL,,,
RDACU,,,
STFS,,,
UPB,,,
SFHG,,,
PTLE,,,
ORIS,,,
SPHL,,,
ALDFU,,,
HUHU,,,
TOP,,,
FBLA,,,
FGL,,,
INEO,,,
LBGJ,,,
ROLR,,,
BEAGU,,,
CAPN,,,
CAPNR,,,
CHARU,,,
INGM,,,
OACCU,,,
SEPN,,,
WRD,,,
ECG,,,
ECG-W,,,
FLG-P-U,,,
POLE,,,
POLEW,,,
VCIC,,,
VCICW,,,
GELS,,,
PLRZ,,,
QLTI,,,
BACQU,,,
NTWOU,,,
CLSKW,,,
FVN,,,
FVNNR,,,
LBYAV,,,
NEE-P-T,,,
SNREV,,,
DEVS,,,
GSRTU,,,
ASPCU,,,
WLACU,,,
YHNA,,,
YHNAR,,,
PRMB,,,
ACOG,,,
EXOZ,,,
SNRE,,,
MDCXW,,,
TLX,,,
HSPTU,,,
ACLO,,,
MUSE,,,
CON-W,,,
RMSG,,,
RMSGW,,,
SEM-W,,,
BALY-T,,,
ETHMU,,,
NOEMU,,,
CASK,,,
ELPW,,,
MSW,,,
CGTL,,,
CHAR,,,
CHARR,,,
FACTU,,,
WYHG,,,
BRIA,,,
GRO,,,
PONY,,,
VENU,,,
LPBB,,,
LPBBW,,,
BACQ,,,
BACQR,,,
CCIRW,,,
RDAC,,,
RDACR,,,
VRMMQ,,,
CCIR,,,
JUNS,,,
METCZ,,,
SCY,,,
TAVIU,,,
LNKS,,,
OPP-P-C,,,
PGACU,,,
TNMG,,,
ZSPC,,,
CRBD,,,
NAMI,,,
DYNX,,,
DYNXW,,,
NEHCW,,,
NUAI,,,
JACS-U,,,
BRKD,,,
BRKU,,,
CNCKW,,,
TTAN,,,
ALDF,,,
ALDFW,,,
AVR,,,
DRDBU,,,
MLACU,,,
NTCL,,,
BEAG,,,
BEAGR,,,
OACC,,,
OACCW,,,
PVLA,,,
GITS,,,
ZBAI,,,
FLDD,,,
GAINI,,,
NCEW,,,
YSXT,,,
ECCU,,,
GSRT,,,
GSRTR,,,
LSE,,,
RCD,,,
FACT,,,
FACTW,,,
RANGU,,,
TAVI,,,
TAVIR,,,
YAAS,,,
HIT,,,
NEUP,,,
OUSTW,,,
TDACU,,,
BEPC,,,
NTWO,,,
PHH,,,
NTWOW,,,
WLAC,,,
ONEG,,,
INLF,,,
RAINW,,,
SAFX,,,
WLACW,,,
ASPCR,,,
CEPO,,,
ZYBT,,,
MASK,,,
MIMI,,,
RANG,,,
RANGR,,,
UFG,,,
ADAMG,,,
HKPD,,,
PLMKU,,,
RIBBU,,,
FLOC,,,
KBSX,,,
NOEM,,,
NOEMR,,,
NOEMW,,,
PCLA,,,
SOJF,,,
HVIIU,,,
JFR-R-W,,,
CSLMF,,,
FGSN,,,
CPXR,,,
DGNX,,,
DXST,,,
MCTR,,,
TOPP,,,
COLAU,,,
JFR-R,,,
NRO-R-W,,,
SKBL,,,
AAPG,,,
AAPGV,,,
DXF,,,
GMHS,,,
GNS-R-W,,,
NRO-R,,,
VG,,,
GNS-R,,,
SPHAR,,,
DMAAU,,,
FATAV,,,
FATBV,,,
SFD,,,
SPHA,,,
TWNPV,,,
FGMCU,,,
MSIF,,,
BBNX,,,
CSAI,,,
JACS,,,
JACS-R,,,
RWTP,,,
SVCCU,,,
TWNP,,,
FMST,,,
INR,,,
MAZE,,,
MTSR,,,
PLMK,,,
PLMKW,,,
DRDB,,,
DRDBW,,,
MLAC,,,
MLACR,,,
FOXY,,,
UMBFP,,,
CJMB,,,
CSNR,,,
HCAI,,,
HSPT,,,
HSPTR,,,
KFIIU,,,
MRP-W,,,
PLUT,,,
EPWK,,,
FBGL,,,
HVIIR,,,
MRP,,,
SION,,,
TTAM,,,
HVII,,,
ATIIU,,,
FGMC,,,
FGMCR,,,
AGH,,,
AMUU,,,
AACBU,,,
AARD,,,
GCL,,,
KRMN,,,
MAYAU,,,
SAIL,,,
SNDKV,,,
TDAC,,,
WDCVV,,,
XHLD,,,
GCLWW,,,
NPB,,,
PMTV,,,
AFSC,,,
CYCUW,,,
FLD,,,
FLDDW,,,
NNNN,,,
CMPOV,,,
FNGU,,,
RHLDV,,,
TIC,,,
WGRX,,,
SNDK,,,
BMGL,,,
DMAA,,,
DMAAR,,,
STAK,,,
BON,,,
LUD,,,
LZMH,,,
RAC-U,,,
WETO,,,
FERAU,,,
LOKVU,,,
OXLCG,,,
RHLD,,,
TE-WS,,,
PN,,,
KNW,,,
ADVB,,,
JFB,,,
KMTS,,,
TBH,,,
EHLDV,,,
MAYA,,,
MAYAR,,,
MCRP,,,
RIBB,,,
RIBBR,,,
SAGT,,,
ESEAV,,,
AIFE,,,
AIFER,,,
HFRO-P-B,,,
KFII,,,
KFIIR,,,
MWYN,,,
COLA,,,
COLAR,,,
EHLD,,,
QSEAU,,,
VYLD,,,
BIYA,,,
GSHRU,,,
RCT,,,
SVCC,,,
SVCCW,,,
ANGIV,,,
LGPS,,,
PCHI,,,
VRTL,,,
EPSM,,,
IACVV,,,
MCHPP,,,
NTHI,,,
PALD,,,
PALU,,,
WFF,,,
CRWV,,,
JQC-R-W,,,
NCT,,,
NMAX,,,
UYSCU,,,
ENGS,,,
RFL-WS,,,
SDHIU,,,
WTF,,,
WXM,,,
JQC-R,,,
SMA,,,
SOUL-U,,,
SZZLU,,,
TOPW,,,
ATII,,,
ATIIW,,,
IMRA,,,
LHSW,,,
BLIV,,,
AACBR,,,
KIDZ,,,
KIDZW,,,
FATN,,,
RYET,,,
TACHU,,,
ATHR,,,
BULL,,,
BULLW,,,
CUPR,,,
IOTR,,,
MB,,,
BULLZ,,,
RBNEV,,,
HXHX,,,
RBNE,,,
SBAR,,,
XV,,,
CHA,,,
EDHL,,,
NHIC,,,
NHICW,,,
CIGL,,,
DVS,,,
FERA,,,
FERAR,,,
GENVR,,,
LOKV,,,
LOKVW,,,
PFAI,,,
RAC-WS,,,
TMDE,,,
BOED,,,
BOEU,,,
TVACU,,,
XOMX,,,
XOMZ,,,
NPACU,,,
BCTXZ,,,
CHACU,,,
IPCXU,,,
PHOE,,,
DAAQU,,,
RAAQU,,,
BCOR,,,
LCCCU,,,
MPTI-WS,,,
TACOU,,,
YB,,,
CMDB-W,,,
CMRE-W,,,
COPL-U,,,
LIMN,,,
LIMNW,,,
RDAGU,,,
CEPT,,,
CGCTU,,,
GTENU,,,
SDM,,,
WSBK,,,
ISOU,,,
LION,,,
ASPSW,,,
ASPSZ,,,
CMDB,,,
IPODU,,,
STRZ,,,
AHL,,,
AII,,,
GIBO,,,
APUS,,,
EGHAU,,,
GIBOW,,,
DEFT,,,
GSHR,,,
GSHRW,,,
QSEA,,,
QSEAR,,,
ANTA,,,
CCCXU,,,
ETOR,,,
OMSE,,,
PMTRU,,,
IQST,,,
KWM,,,
KWMWW,,,
ARAI,,,
RTACU,,,
TVAIU,,,
CCCMU,,,
TVA,,,
TVACW,,,
TWOD,,,
WENNU,,,
CHAC,,,
CHACR,,,
AIFU,,,
NEE-P-U,,,
AACIU,,,
OFAL,,,
PCAPU,,,
HNGE,,,
MNTN,,,
OYSEU,,,
BHK-R-W,,,
CRACU,,,
FTRK,,,
PELIU,,,
SOUL-R,,,
SZZL,,,
SZZLR,,,
AOMD,,,
SORA,,,
UYSC,,,
UYSCR,,,
CHPGU,,,
EMA,,,
KCHVU,,,
JENA-U,,,
WTGUU,,,
BHK-R,,,
KKRT,,,
PTNM,,,
COPL-WS,,,
DAAQ,,,
DAAQW,,,
RAAQ,,,
RAAQW,,,
TACH,,,
TACHW,,,
HBNB,,,
BUSEP,,,
CRCL,,,
MSII,,,
SDHI,,,
SDHIR,,,
TSII,,,
BMNR,,,
TACO,,,
TACOW,,,
TGE,,,
TGE-WS,,,
NAMM,,,
NAMMW,,,
OMDA,,,
AAUC,,,
CCCM,,,
CCCMW,,,
JEM,,,
RTAC,,,
RTACW,,,
BLUWU,,,
FMKT,,,
ASIC,,,
VNTG,,,
VOYG,,,
CHYM,,,
IPOD,,,
IPODW,,,
OTF,,,
PELI,,,
PELIR,,,
PMTW,,,
QQDN,,,
QQUP,,,
AIRO,,,
BACCU,,,
BSAAU,,,
JBS,,,
SCD-R-W,,,
IPCX,,,
IPCXR,,,
NPAC,,,
TNGY,,,
MENS,,,
NPACW,,,
SCD-R,,,
AXINU,,,
CAI,,,
EGG,,,
PACHU,,,
SLDE,,,
CHPG,,,
CHPGR,,,
CTWO,,,
PMTR,,,
PMTRW,,,
AMRZ,,,
CRAQ,,,
CRAQR,,,
DAIC,,,
DAICW,,,
GTEN,,,
GTENW,,,
LCCC,,,
LCCCR,,,
RDAG,,,
RDAGW,,,
AACI,,,
AACIW,,,
CGCT,,,
CGCTW,,,
HCHL,,,
FMFC,,,
LWACU,,,
OBAWU,,,
RAL-W,,,
BGLWW,,,
CAEP,,,
FIGXU,,,
IFLO,,,
JCAP,,,
JLHL,,,
MCGAU,,,
DFSC,,,
SCAG,,,
DFSCW,,,
EGHA,,,
EGHAR,,,
FBDC,,,
JMTG,,,
SCAGW,,,
AEBI,,,
AEBIV,,,
CCIIU,,,
GRAN,,,
HECA,,,
INACU,,,
NMPAU,,,
CV,,,
EMPG,,,
EVAC-U,,,
ONCHU,,,
ORIQU,,,
SOFL,,,
TVAI,,,
TVAIR,,,
VNMEU,,,
CCCX,,,
CCCXW,,,
HERZ,,,
MAMK,,,
SEGG,,,
WENN,,,
WENNW,,,
ANPA,,,
MSGY,,,
TLIH,,,
DLXY,,,
GTERU,,,
NYMTH,,,
RAAA,,,
VGVT,,,
VTP,,,
XOEF,,,
YOUL,,,
ASTX,,,
BMHL,,,
GLBAV,,,
GLBKV,,,
LBDKV,,,
OYSE,,,
OYSER,,,
PCAPW,,,
PFSA,,,
SMU,,,
GQGU,,,
HOLA,,,
LBDAV,,,
GLIBK,,,
PEW,,,
SPEGU,,,
SPME,,,
VWAV,,,
VWAVW,,,
KMRK,,,
MGRT,,,
NEXM,,,
PEW-WS,,,
SOCAU,,,
LAWR,,,
PAII-U,,,
MJID,,,
NXG-R-W,,,
JENA,,,
JENA-R,,,
KCHV,,,
KCHVR,,,
LSBK,,,
WTG,,,
WTGUR,,,
CARL,,,
CRE,,,
DVXE,,,
INTM,,,
NIQ,,,
TDIC,,,
ARX,,,
LHAI,,,
MH,,,
OFSSO,,,
GTERA,,,
GTERR,,,
GTERW,,,
MCGA,,,
MCGAW,,,
IAUX-WS,,,
TBHC,,,
AMBQ,,,
APADU,,,
BRR,,,
INAC,,,
INACR,,,
STRC,,,
XLBI,,,
XLCI,,,
XLEI,,,
XLFI,,,
XLII,,,
XLKI,,,
XLRI,,,
XLSI,,,
XLUI,,,
XLVI,,,
XLYI,,,
YMAT,,,
BCARU,,,
BRRWU,,,
BRRWW,,,
EMPD,,,
FIG,,,
SI,,,
VINO,,,
AVBC,,,
AXIN,,,
AXINR,,,
CFG-P-I,,,
CMRC,,,
METCI,,,
BACC,,,
BACCR,,,
HCMAU,,,
CTW,,,
PSKY,,,
QUMSU,,,
TMUSI,,,
TMUSL,,,
TMUSZ,,,
BSAA,,,
BSAAR,,,
CFND,,,
CRCA,,,
FLY,,,
IDYN,,,
WYFI,,,
BIVIW,,,
DKI,,,
EFTY,,,
HTFL,,,
PGAC,,,
PLBL,,,
SSEAU,,,
BBOT,,,
HVMCU,,,
MAGH,,,
MKLYU,,,
OXSQH,,,
PGACR,,,
BLSH,,,
NSRX,,,
NUAIW,,,
BUUU,,,
KYIV,,,
MIAX,,,
RYOJ,,,
KYIVW,,,
LWAC,,,
LWACW,,,
MTEST-A,,,
NUTR,,,
OBA,,,
OBAWW,,,
PACH,,,
PACHW,,,
QQXL,,,
FIGX,,,
FIGXW,,,
YDES,,,
BIT-R-W,,,
PLT,,,
QUIZ,,,
TFIN-P,,,
YMT,,,
BCARW,,,
SMCC,,,
CEPF,,,
ETS,,,
CCII,,,
CCIIW,,,
EVAC,,,
STRRP,,,
VNME,,,
VNMEW,,,
BIT-R,,,
EVAC-WS,,,
CURX,,,
ETHM,,,
APAD,,,
APADR,,,
ETHMW,,,
KOYNU,,,
MBVIU,,,
URSP,,,
ELOG,,,
SRTA,,,
TGHL,,,
THH,,,
AGM-P-H,,,
ESUM,,,
FRIZ,,,
IDEQ,,,
PMI,,,
SRTAW,,,
YDESW,,,
DDFS,,,
DDTS,,,
ELVR,,,
TONX,,,
ADAMH,,,
AGIQ,,,
BULX,,,
ETRL,,,
LLYZ,,,
NMP,,,
NMPAR,,,
ANEL,,,
ETCO,,,
FCHL,,,
GSRFU,,,
SVACU,,,
WPAY,,,
ZYN,,,
HSON,,,
SOCA,,,
SOCAW,,,
SPEGR,,,
ACKY,,,
APLX,,,
BLZRU,,,
GMEY,,,
JOBX,,,
NEBX,,,
NVTX,,,
ORIQ,,,
ORIQW,,,
PONX,,,
RDYY,,,
SPEG,,,
TLNCU,,,
VOYX,,,
ZGM,,,
COIA,,,
KLAR,,,
METL,,,
PAII,,,
PAII-WS,,,
PLTA,,,
PRSD,,,
FIGR,,,
LBRX,,,
BRCB,,,
EMO-R-W,,,
FOFO,,,
GECCG,,,
GEMI,,,
LGN,,,
MLCI,,,
ONCH,,,
ONCHW,,,
OTGAU,,,
VIA,,,
WDAF,,,
WDGF,,,
BDVL,,,
BDYN,,,
SYZ,,,
AFRU,,,
AMYY,,,
AXUP,,,
AZYY,,,
CHECU,,,
CHOW,,,
CLSX,,,
CRDU,,,
DUNK,,,
ENPX,,,
KTUP,,,
UNX,,,
BKNU,,,
BSMZ,,,
EMO-R,,,
MYMK,,,
NIHI,,,
PXIU,,,
STUB,,,
TTDU,,,
VGHY,,,
WBI,,,
CIMP,,,
COTG,,,
DOJE,,,
ETHI,,,
MANI,,,
NTSK,,,
XRPR,,,